element,endmember_formula,endmember_material_id_raw,endmember_material_id,endmember_fraction,endmember_mp_material_id,endmember_formula_pretty,endmember_energy_per_atom,endmember_energy_above_hull,endmember_theoretical,endmember_is_stable,endmember_crystal_system,endmember_spacegroup_symbol,endmember_spacegroup_number,endmember_density,endmember_volume,endmember_nsites,endmember_selection_rule,endmember_e_hull_max_eV_per_atom,endmember_is_theoretical_fallback,endmember_n_candidates,endmember_n_experimental,endmember_n_near_hull,endmember_material_id_forced,endmember_error
Ag,LiAg,mp-2426-r2SCAN,mp-2426,0.015625,mp-2426,LiAg,-12.05174388,0.0,False,True,Cubic,Pm-3m,221,6.2606319363997605,30.4514247136979,2,endmember_reference,0.1,False,1,1,1,True,
Al,Li9Al4,mp-568404-r2SCAN,mp-568404,0.025390625,mp-568404,Li9Al4,-3.8923541884615385,0.0,False,True,Monoclinic,C2/m,12,1.3190716790201644,214.5052581570362,13,endmember_reference,0.1,False,1,1,1,True,
Au,Li15Au4,mp-567395-r2SCAN,mp-567395,0.037109375,mp-567395,Li15Au4,-12.887390792894736,0.0,False,True,Cubic,I-43d,220,4.8347374806488865,612.7198274866086,38,endmember_reference,0.1,False,1,1,1,True,
B,LiB,mp-1001835-r2SCAN,mp-1001835,0.015625,mp-1001835,LiB,-5.0912183675,0.0,False,True,Hexagonal,P6_3/mmc,194,1.3678437685165254,43.101252101967226,4,endmember_reference,0.1,False,1,1,1,True,
Be,Be,mp-87-GGA,mp-87,0.0078125,mp-87,Be,-3.739412865,0.0,False,True,Hexagonal,P6_3/mmc,194,1.8826149238156762,31.796370288803224,4,endmember_reference,0.1,False,1,1,1,True,
Bi,Li3Bi,mp-23222-r2SCAN,mp-23222,0.03125,mp-23222,Li3Bi,-17.043427615,0.0,False,True,Cubic,Fm-3m,225,5.095583583301973,74.88789412092665,4,endmember_reference,0.1,False,1,1,1,True,
Ca,Li2Ca,mp-570466-r2SCAN,mp-570466,0.0078125,mp-570466,Li2Ca,-3.9565776875,0.0,False,True,Hexagonal,P6_3/mmc,194,1.0595078153990543,338.2804236330248,12,endmember_reference,0.1,False,1,1,1,True,
Cd,LiCd,mp-1437-r2SCAN,mp-1437,0.015625,mp-1437,LiCd,-11.521597055,0.0,False,True,Cubic,Fd-3m,227,5.35549291275739,74.01322798192189,4,endmember_reference,0.1,False,1,1,1,True,
Ce,Ce,mp-28-r2SCAN,mp-28,0.0078125,mp-28,Ce,-30.84062876,0.0,False,True,Cubic,Fm-3m,225,9.123650342709297,25.50164500404376,1,endmember_reference,0.1,False,1,1,1,True,
Co,Co,mp-102-r2SCAN,mp-102,0.0078125,mp-102,Co,-13.23423113,0.0,False,True,Cubic,Fm-3m,225,9.026471238323484,10.841542632772713,1,endmember_reference,0.1,False,1,1,1,True,
Cr,Cr,mp-90-r2SCAN,mp-90,0.0078125,mp-90,Cr,-15.07334239,0.0,False,True,Cubic,Im-3m,229,6.5987767940037,26.16895772559837,2,endmember_reference,0.1,False,1,1,1,True,
Cu,Cu,mp-30-r2SCAN,mp-30,0.0078125,mp-30,Cu,-10.846796,0.0,False,True,Cubic,Fm-3m,225,9.218996060025667,11.445998564977856,1,endmember_reference,0.1,False,1,1,1,True,
Fe,Fe,mp-13-GGA,mp-13,0.0078125,mp-13,Fe,-8.47002121,0.0,False,True,Cubic,Im-3m,229,7.902858241785766,23.468168469356993,2,endmember_reference,0.1,False,1,1,1,True,
Ga,Li2Ga,mp-29210-r2SCAN,mp-29210,0.0078125,mp-29210,Li2Ga,-5.741142336666667,0.0,False,True,Orthorhombic,Cmcm,63,3.073765027419936,90.33180325666436,6,endmember_reference,0.1,False,1,1,1,True,
Ge,Li15Ge4,mp-1777-r2SCAN,mp-1777,0.0078125,mp-1777,Li15Ge4,-2.807986284736842,0.0,False,True,Cubic,I-43d,220,2.204826685254165,594.4895908681834,38,endmember_reference,0.1,False,1,1,1,True,
Hf,Hf,mp-103-r2SCAN,mp-103,0.0078125,mp-103,Hf,-45.15141539,0.0,False,True,Hexagonal,P6_3/mmc,194,13.312731494192928,44.52724349481806,2,endmember_reference,0.1,False,1,1,1,True,
Hg,Li3Hg,mp-1646-r2SCAN,mp-1646,0.0078125,mp-1646,Li3Hg,-14.4259365725,0.0012975900000000706,False,False,Cubic,Fm-3m,225,5.39086199804241,68.20151155794647,4,endmember_reference,0.1,False,1,1,1,True,
In,Li13In3,mp-510430-r2SCAN,mp-510430,0.041666666666666664,mp-510430,Li13In3,-6.4279795915625,0.0,False,True,Cubic,Fd-3m,227,2.5017113544371603,577.0567775306141,32,endmember_reference,0.1,False,1,1,1,True,
Ir,LiIr,mp-279-r2SCAN,mp-279,0.015625,mp-279,LiIr,-27.65712311,0.0,False,True,Hexagonal,P-6m2,187,12.456833041024145,26.54845246772127,2,endmember_reference,0.1,False,1,1,1,True,
K,K,mp-58-r2SCAN,mp-58,0.0078125,mp-58,K,-6.00305021,0.015213726250000725,False,False,Cubic,Im-3m,229,0.8268645220441784,78.51861211537867,1,endmember_reference,0.1,False,1,1,1,True,
La,La,mp-26-r2SCAN,mp-26,0.0078125,mp-26,La,-29.744780205,0.0,False,True,Hexagonal,P6_3/mmc,194,6.139065901187602,150.28863578550227,4,endmember_reference,0.1,False,1,1,1,True,
Mg,Mg,mp-153-r2SCAN,mp-153,0.0078125,mp-153,Mg,-4.169303585,0.0,False,True,Hexagonal,P6_3/mmc,194,1.8017993871104938,44.79899633535127,2,endmember_reference,0.1,False,1,1,1,True,
Mn,Mn,mp-35-r2SCAN,mp-35,0.0078125,mp-35,Mn,-14.683334675517242,0.0,False,True,Cubic,I-43m,217,7.005220786623814,377.65780883545983,29,endmember_reference,0.1,False,1,1,1,True,
Mo,Mo,mp-129-r2SCAN,mp-129,0.0078125,mp-129,Mo,-26.07197944,0.0,False,True,Cubic,Im-3m,229,10.02490866313136,15.89162790660502,1,endmember_reference,0.1,False,1,1,1,True,
Na,Na,mp-127-r2SCAN,mp-127,0.0078125,mp-127,Na,-3.5484083,0.01577226999999981,False,False,Cubic,Im-3m,229,1.0246367263907339,37.25750706727941,1,endmember_reference,0.1,False,1,1,1,True,
Nb,Nb,mp-75-r2SCAN,mp-75,0.0078125,mp-75,Nb,-24.73407465,0.0,False,True,Cubic,Im-3m,229,8.449671971791625,18.258066615716924,1,endmember_reference,0.1,False,1,1,1,True,
Nd,Nd,mp-123-r2SCAN,mp-123,0.0078125,mp-123,Nd,-29.4180089825,0.0,False,True,Hexagonal,P6_3/mmc,194,6.75439847643831,141.84503754978965,4,endmember_reference,0.1,False,1,1,1,True,
Ni,Ni,mp-23-r2SCAN,mp-23,0.0078125,mp-23,Ni,-11.98171716,0.0,False,True,Cubic,Fm-3m,225,9.289219866096774,10.492020341068946,1,endmember_reference,0.1,False,1,1,1,True,
Os,Os,mp-49-r2SCAN,mp-49,0.0078125,mp-49,Os,-52.98522885,0.0,False,True,Hexagonal,P6_3/mmc,194,22.35969400314296,28.254800538527018,2,endmember_reference,0.1,False,1,1,1,True,
Pb,Li17Pb4,mp-574275-r2SCAN,mp-574275,0.0078125,mp-574275,Li17Pb4,-2.539882521142857,0.0,False,True,Cubic,F-43m,216,3.9612503913609043,1984.4660820546046,105,endmember_reference,0.1,False,1,1,1,True,
Pd,Li15Pd4,mp-1197547-r2SCAN,mp-1197547,0.037109375,mp-1197547,Li15Pd4,-6.957823810263158,0.0,False,True,Cubic,I-43d,220,2.989455744777025,588.5655257185209,38,endmember_reference,0.1,False,1,1,1,True,
Pr,Pr,mp-97-r2SCAN,mp-97,0.0078125,mp-97,Pr,-29.395911823333336,0.008044545000000625,False,False,Cubic,Fm-3m,225,6.276136276343673,223.68793247843672,6,endmember_reference,0.1,False,1,1,1,True,
Pt,Li2Pt,mp-2170-r2SCAN,mp-2170,0.0234375,mp-2170,Li2Pt,-19.34235308,0.0,False,True,Hexagonal,P6/mmm,191,8.710751859323272,39.83539109824836,3,endmember_reference,0.1,False,1,1,1,True,
Re,Re,mp-8-r2SCAN,mp-8,0.0078125,mp-8,Re,-52.407027685,0.003587022499999648,False,False,Hexagonal,P6_3/mmc,194,20.873419048538693,29.626578921964693,2,endmember_reference,0.1,False,1,1,1,True,
Rh,LiRh,mp-600561-r2SCAN,mp-600561,0.015625,mp-600561,LiRh,-13.44747386,0.0,False,True,Hexagonal,P-6m2,187,6.9200978525877295,26.35864531394042,2,endmember_reference,0.1,False,1,1,1,True,
Ru,Ru,mp-33-r2SCAN,mp-33,0.0078125,mp-33,Ru,-25.424535295,0.0,False,True,Hexagonal,P6_3/mmc,194,12.384952667667424,27.10235367049707,2,endmember_reference,0.1,False,1,1,1,True,
Sb,Li3Sb,mp-7955-r2SCAN,mp-7955,0.03125,mp-7955,Li3Sb,-8.96872171,0.0,False,True,Hexagonal,P6_3/mmc,194,3.016532153749956,156.9780330499643,8,endmember_reference,0.1,False,1,1,1,True,
Sc,Sc,mp-67-r2SCAN,mp-67,0.0078125,mp-67,Sc,-11.398487355,0.0,False,True,Hexagonal,P6_3/mmc,194,2.9845810423710106,50.02447391787033,2,endmember_reference,0.1,False,1,1,1,True,
Se,Li2Se,mp-2286-r2SCAN,mp-2286,0.0234375,mp-2286,Li2Se,-7.813334673333333,0.0,False,True,Cubic,Fm-3m,225,2.924458281489375,52.71669259653644,3,endmember_reference,0.1,False,1,1,1,True,
Si,Si,mp-149-r2SCAN,mp-149,0.0078125,mp-149,Si,-8.773764595,0.0,False,True,Cubic,Fd-3m,227,2.3128002565764314,40.32952684741405,2,endmember_reference,0.1,False,1,1,1,True,
Sm,Sm,mp-69-r2SCAN,mp-69,0.0078125,mp-69,Sm,-29.73292432,0.0,False,True,Hexagonal,P6_3/mmc,194,7.3865179596065,135.20776948932632,4,endmember_reference,0.1,False,1,1,1,True,
Sn,Li17Sn4,mp-573471-r2SCAN,mp-573471,0.0078125,mp-573471,Li17Sn4,-2.6598600334285716,0.0,False,True,Cubic,F-43m,216,2.5895488526977197,1900.773177103369,105,endmember_reference,0.1,False,1,1,1,True,
Ta,Ta,mp-569794-r2SCAN,mp-569794,0.0078125,mp-569794,Ta,-48.591832712666665,0.0,False,True,Tetragonal,P4_2/mnm,136,16.260109686060726,554.3708437019316,30,endmember_reference,0.1,False,1,1,1,True,
Ti,Ti,mp-72-r2SCAN,mp-72,0.0078125,mp-72,Ti,-12.937757013333332,0.0,False,True,Hexagonal,P6/mmm,191,4.670172253933062,51.05915967771039,3,endmember_reference,0.1,False,1,1,1,True,
Tl,Li3Tl,mp-7396-r2SCAN,mp-7396,0.03125,mp-7396,Li3Tl,-15.35628307,0.0,False,True,Cubic,Fm-3m,225,5.165667306999388,72.39410467069834,4,endmember_reference,0.1,False,1,1,1,True,
V,V,mp-146-r2SCAN,mp-146,0.0078125,mp-146,V,-14.08957573,0.0,False,True,Cubic,Im-3m,229,6.37754471203338,13.263780153478194,1,endmember_reference,0.1,False,1,1,1,True,
W,W,mp-91-r2SCAN,mp-91,0.0078125,mp-91,W,-51.36779438,0.0,False,True,Cubic,Im-3m,229,19.160711346464403,15.932263521447117,1,endmember_reference,0.1,False,1,1,1,True,
Y,Y,mp-112-r2SCAN,mp-112,0.0078125,mp-112,Y,-20.31360096,0.0,False,True,Hexagonal,P6_3/mmc,194,4.370668912132135,67.55562608311241,2,endmember_reference,0.1,False,1,1,1,True,
Zn,LiZn,mp-1934-r2SCAN,mp-1934,0.0078125,mp-1934,LiZn,-5.8687600975,0.0,False,True,Cubic,Fd-3m,227,4.3109824680118045,55.736715483220095,4,endmember_reference,0.1,False,1,1,1,True,
Zr,Zr,mp-131-r2SCAN,mp-131,0.0078125,mp-131,Zr,-22.749791905,0.0,False,True,Hexagonal,P6_3/mmc,194,6.446094098816202,46.99931887465835,2,endmember_reference,0.1,False,1,1,1,True,
