feature,importance_mdi,importance_perm_mean,importance_perm_std,significant
endmember_MagpieData mean MendeleevNumber,0.04066414316779416,0.024735284705660495,0.007887054973748392,True
endmember_MagpieData mean CovalentRadius,0.031000041447760644,0.022393604338845605,0.006753196211548608,True
endmember_MagpieData avg_dev CovalentRadius,0.036407902432245405,0.01637736620934073,0.005472407518878019,True
endmember_volume,0.027565702004325086,0.01609016043293291,0.0064671340058233134,True
endmember_MagpieData mean Electronegativity,0.025402820205669287,0.016053966142587948,0.0059423553910889675,True
endmember_MagpieData mean NsValence,0.02737431535030494,0.01569075436502603,0.00545415084796403,True
endmember_MagpieData mean NsUnfilled,0.023868197755486733,0.015495885485151725,0.004903676123920862,True
mp_n_experimental,0.021185979661221228,0.01526470123539259,0.005752574348759593,True
mp_n_candidates,0.02366352327899489,0.015245098198972833,0.00655084192604344,True
endmember_MagpieData avg_dev NdValence,0.023902860582957684,0.013541231496147069,0.004277793682964717,True
endmember_packing fraction,0.028285609518248347,0.013526919180266725,0.003505738278278573,True
packing fraction,0.021566286836006518,0.012576465251802924,0.004442330348290049,True
delta_chi_vs_Li,0.01741631082976955,0.01169559477954935,0.003933785700143243,True
endmember_MagpieData mean NUnfilled,0.02035003179162615,0.0115699469193371,0.003918280390010398,True
endmember_MagpieData mean SpaceGroupNumber,0.015091204214046913,0.010567288103686711,0.003607566298661412,True
endmember_density,0.023649720641764294,0.010420892504970474,0.004788037915673324,True
endmember_MagpieData mean NpValence,0.01428403682338909,0.010065477087838105,0.004310010057285609,True
endmember_MagpieData mean Row,0.01702240249490473,0.009505367992751947,0.004050920063125831,True
MagpieData minimum GSvolume_pa,0.013956448024073982,0.009408344976982739,0.002393864351321722,True
endmember_MagpieData mean Number,0.015867637848298515,0.009217816611863836,0.004529028075072357,True
endmember_MagpieData avg_dev MendeleevNumber,0.023863171462415473,0.009076106894548306,0.0035045918752540112,True
endmember_MagpieData range CovalentRadius,0.01479679363221717,0.009045735373483044,0.003356443945916237,True
vpa,0.014953918216304972,0.009017188904708881,0.002845379214329633,True
endmember_MagpieData range MendeleevNumber,0.015231888937738617,0.008839035398781786,0.002707610113622121,True
endmember_vpa,0.019341057040063177,0.008675313028149279,0.0018701413189184334,True
endmember_MagpieData mode SpaceGroupNumber,0.013647519805688452,0.00820744580652854,0.002852775224925963,True
MagpieData mean NpValence,0.0118660712277477,0.008150798643290389,0.0033353913944368123,True
delta_valency_vs_Li,0.012492279506154457,0.00773668928884535,0.0029971923755407626,True
MagpieData maximum MendeleevNumber,0.013476773187790557,0.007724353084414354,0.0026148539441511057,True
endmember_MagpieData mean Column,0.015525376423652263,0.007211877076434911,0.0032414150629809266,True
endmember_MagpieData avg_dev SpaceGroupNumber,0.012307069809319093,0.006889062444551947,0.0013671442744218828,True
endmember_MagpieData range Electronegativity,0.012298768827114566,0.006838158124369257,0.0028585170722662655,True
MagpieData minimum NUnfilled,0.010114434107695299,0.006837283205694031,0.0030031270198763436,True
endmember_MagpieData maximum CovalentRadius,0.009638865992978045,0.006693468647683692,0.002698307822979355,True
endmember_MagpieData avg_dev Row,0.011301505379385464,0.006689922502936952,0.0028700613130203854,True
MagpieData minimum CovalentRadius,0.009574513888878883,0.00668630297728022,0.0027278623575517215,True
endmember_MagpieData mean MeltingT,0.011944839417478707,0.006068093826987956,0.0016212700289495795,True
endmember_MagpieData mean GSvolume_pa,0.009062422788962007,0.0056339836060035455,0.001424316235516628,True
endmember_MagpieData mean AtomicWeight,0.011608750386312077,0.005336556506002968,0.0028148004026148626,True
endmember_MagpieData mean NdValence,0.009900272532533793,0.004790854141155221,0.0020477514842384267,True
endmember_MagpieData mode MendeleevNumber,0.008093743065571927,0.004666790740310909,0.0010919969627835439,True
delta_r_vs_Li_pm,0.007611015722379856,0.004538210251000765,0.0015149766832687713,True
MagpieData minimum Column,0.0071369527341563765,0.004516365398642738,0.001911893011412013,True
endmember_MagpieData range NValence,0.007660541354405286,0.004204980704795913,0.0017161400762303058,True
endmember_MagpieData range GSvolume_pa,0.007363811670093767,0.004058564941582488,0.0013965486089242125,True
endmember_MagpieData avg_dev AtomicWeight,0.008131388861902426,0.003852837076545129,0.0010351152893384263,True
endmember_MagpieData range MeltingT,0.007732562357738863,0.0038377647001748227,0.000903515912904361,True
endmember_energy_per_atom,0.009314750523119943,0.0038022340860738553,0.0008465518870377345,True
endmember_MagpieData range AtomicWeight,0.006269853110280199,0.0035468557928520993,0.0010886258884348823,True
endmember_MagpieData maximum NUnfilled,0.007102261446871283,0.0034463443532992606,0.0007152110599029381,True
endmember_MagpieData minimum NsValence,0.005673600598445672,0.0033268308684067994,0.000936726501799127,True
endmember_spacegroup_num,0.006243309793148077,0.0033045431296256896,0.0007314881869201087,True
endmember_MagpieData avg_dev GSvolume_pa,0.005949567417430887,0.003293349978237406,0.0010304381234307158,True
MagpieData minimum AtomicWeight,0.0050960629986952265,0.0032510309122592063,0.000904939878181917,True
endmember_MagpieData avg_dev Electronegativity,0.007067186723300026,0.003249699867044739,0.0009710351713754817,True
endmember_MagpieData mode NsValence,0.005479772572851077,0.0032123115946819493,0.0008672162730893268,True
endmember_MagpieData minimum NUnfilled,0.004898600788838233,0.003154799472836345,0.0017080387672945053,True
MagpieData maximum MeltingT,0.007078688472716222,0.003109301340881296,0.001169489986673287,True
MagpieData maximum SpaceGroupNumber,0.005113332788542442,0.00303678830712181,0.0010457965606055566,True
endmember_MagpieData mode GSvolume_pa,0.004248282635960675,0.002979979896112578,0.001168059720968774,True
crystal_system_int,0.0043945584367069525,0.002937786350184221,0.001336630667864018,True
endmember_crystal_system_int,0.007215023766872636,0.0025935268914557994,0.0009955012033813029,True
density,0.00739615114487801,0.0025537396243888373,0.00089736072976946,True
endmember_MagpieData range NUnfilled,0.005742475790411739,0.0025093049889295784,0.0007713302431046204,True
endmember_MagpieData avg_dev MeltingT,0.005942493619374483,0.002464723962634577,0.0010086398540781606,True
endmember_MagpieData minimum GSvolume_pa,0.005460843956578993,0.0023758600120844103,0.0007690436301386261,True
endmember_MagpieData minimum Column,0.003125496749645442,0.002327060303576567,0.000820312429193365,True
endmember_MagpieData mean NpUnfilled,0.003306154821889995,0.0022970286633539503,0.0008901153930640853,True
endmember_fraction,0.003795901589733105,0.0022361008358034703,0.0007666038718889312,True
endmember_MagpieData avg_dev NsUnfilled,0.00561894339697241,0.001974654045719054,0.0009308498100635381,True
endmember_MagpieData mean NValence,0.007969629053220144,0.0019502399081414879,0.0009338725700422678,True
n_symmetry_ops,0.004058794892612093,0.001856656557185088,0.0006706668135200913,True
MagpieData mean NValence,0.004651865111947962,0.0018560106740762277,0.0006294323864134949,True
endmember_spacegroup_number,0.006097527687693956,0.0018311719952441741,0.00078326363980148,True
endmember_MagpieData avg_dev NUnfilled,0.005784648338584739,0.0018002126263220093,0.0006251723286119318,True
endmember_MagpieData mode Number,0.0029664398796185217,0.00178936800820782,0.0005201034850902436,True
endmember_MagpieData minimum MeltingT,0.0031340772766249615,0.001622704965365454,0.00042217198567225865,True
endmember_MagpieData mode Electronegativity,0.0019052690677649293,0.0016127832506400847,0.0003897671382153217,True
mp_energy_above_hull,0.003197562639664882,0.0014849941485102214,0.0006048515967212786,True
MagpieData mode Row,0.0018820949693065707,0.0014217974911084647,0.00032443753877247017,True
MagpieData mode NdValence,0.003376434308246476,0.001418283889278557,0.0006426251011444144,True
spacegroup_num,0.003651482329663336,0.0013911169100315063,0.0003844507355781102,True
MagpieData mean NpUnfilled,0.0020785676032044204,0.0012772600633520147,0.0004996249991619727,True
mp_is_stable,0.0028426239873856987,0.0012615384243674394,0.0006474151093631254,True
endmember_MagpieData maximum NsValence,0.0011309402756525596,0.0009210736818604127,0.0005573499921409517,True
endmember_n_symmetry_ops,0.00295315001966879,0.0009180858150873966,0.000414955378184415,True
mp_n_near_hull,0.0029769922836560816,0.0008896025492082738,0.0005839398968954283,True
endmember_MagpieData mean NfValence,0.0014438682610160923,0.0008506215392119875,0.00028158500563598814,True
endmember_MagpieData mode MeltingT,0.00190766634907359,0.0008269534720932531,0.00022280616357199602,True
endmember_MagpieData range Row,0.001042528295543763,0.0006936418553906976,0.00019635392914773826,True
endmember_MagpieData mode CovalentRadius,0.0008057340611476355,0.0006925968761531843,0.00024086506037105564,True
endmember_MagpieData minimum CovalentRadius,0.001658666101910103,0.0005855833072709177,0.000295673587764373,True
endmember_is_centrosymmetric,0.0016800175096515686,0.0005550406430214067,0.0004055399623320407,True
endmember_MagpieData maximum NfValence,0.001432196538374359,0.000532779567721936,0.00034552342967945557,True
endmember_MagpieData avg_dev NValence,0.004266611784146024,0.00040642368800454797,0.000504358237968392,False
endmember_MagpieData minimum NsUnfilled,0.0006266196436207523,0.000373700070115901,0.00026056534680440435,True
MagpieData maximum NsValence,0.000713774406417346,0.00032460131662720437,0.00020990425722923196,True
endmember_MagpieData range NsValence,0.002012349449222493,0.0002717057267031087,0.0002803885757849538,False
MagpieData maximum NdUnfilled,0.0015223376546802407,0.0002672829243437619,0.00037598270325784927,False
endmember_MagpieData mean NdUnfilled,0.0010597391381414792,0.00021352552747018748,0.0001897917244614292,True
endmember_MagpieData range NdValence,0.0004449799013106757,0.00020082499522588727,0.0002134719330903854,False
endmember_MagpieData mode Row,0.0007987989109810689,0.0001687842686276253,0.00025395217624635865,False
endmember_MagpieData avg_dev GSbandgap,0.00034030455512950225,0.00014803282900245905,0.00015820557877677582,False
endmember_is_stable,0.0005256925132812464,0.00013665883158331117,7.956812796030504e-05,True
mp_material_id_forced,0.00012492074618410096,1.51919551323626e-05,5.4366245725005394e-05,False
endmember_MagpieData mode NfValence,0.0,2.4980018054066023e-17,4.636095143475978e-17,False
MagpieData maximum NfUnfilled,0.0,1.9428902930940238e-17,4.2184822728249147e-17,False
MagpieData avg_dev Column,0.0,1.9428902930940238e-17,4.2184822728249147e-17,False
is_centrosymmetric,0.0,1.6653345369377347e-17,3.9642891350404606e-17,False
endmember_MagpieData maximum GSmagmom,0.0,1.6653345369377347e-17,3.9642891350404606e-17,False
MagpieData avg_dev MendeleevNumber,0.0,1.6653345369377347e-17,3.9642891350404606e-17,False
endmember_MagpieData mode NfUnfilled,0.0,1.6653345369377347e-17,3.9642891350404606e-17,False
MagpieData range CovalentRadius,0.0,1.6653345369377347e-17,3.9642891350404606e-17,False
MagpieData avg_dev NpValence,0.0,1.6653345369377347e-17,3.9642891350404606e-17,False
MagpieData range Column,0.0,1.6653345369377347e-17,3.9642891350404606e-17,False
endmember_MagpieData mean NfUnfilled,0.0,1.3877787807814457e-17,3.671717528720129e-17,False
MagpieData range NValence,0.0,1.3877787807814457e-17,3.671717528720129e-17,False
MagpieData range NfValence,0.0,1.3877787807814457e-17,3.671717528720129e-17,False
endmember_MagpieData mode NpValence,0.0,1.3877787807814457e-17,3.671717528720129e-17,False
MagpieData avg_dev NsUnfilled,0.0,1.1102230246251566e-17,3.33066907387547e-17,False
MagpieData range NdValence,0.0,1.1102230246251566e-17,3.33066907387547e-17,False
endmember_n_candidates,0.0,1.1102230246251566e-17,3.33066907387547e-17,False
MagpieData maximum GSmagmom,0.0,1.1102230246251566e-17,3.33066907387547e-17,False
endmember_MagpieData mean GSmagmom,0.0,1.1102230246251566e-17,3.33066907387547e-17,False
MagpieData range Number,0.0,1.1102230246251566e-17,3.33066907387547e-17,False
MagpieData range NUnfilled,0.0,1.1102230246251566e-17,3.33066907387547e-17,False
endmember_is_theoretical_fallback,0.0,1.1102230246251566e-17,3.33066907387547e-17,False
endmember_MagpieData mode NpUnfilled,0.0,1.1102230246251566e-17,3.33066907387547e-17,False
endmember_MagpieData avg_dev NfUnfilled,0.0,1.1102230246251566e-17,3.33066907387547e-17,False
endmember_MagpieData mode GSbandgap,0.0,1.1102230246251566e-17,3.33066907387547e-17,False
MagpieData range Electronegativity,0.0,1.1102230246251566e-17,3.33066907387547e-17,False
MagpieData avg_dev Electronegativity,0.0,1.1102230246251566e-17,3.33066907387547e-17,False
MagpieData avg_dev NpUnfilled,0.0,8.326672684688674e-18,2.924231343973887e-17,False
MagpieData range GSbandgap,0.0,8.326672684688674e-18,2.924231343973887e-17,False
endmember_e_hull_max_eV_per_atom,0.0,8.326672684688674e-18,2.924231343973887e-17,False
MagpieData avg_dev GSmagmom,0.0,8.326672684688674e-18,2.924231343973887e-17,False
MagpieData mean GSmagmom,0.0,8.326672684688674e-18,2.924231343973887e-17,False
endmember_MagpieData mode GSmagmom,0.0,8.326672684688674e-18,2.924231343973887e-17,False
mp_is_theoretical_fallback,0.0,8.326672684688674e-18,2.924231343973887e-17,False
MagpieData avg_dev NdUnfilled,0.0,8.326672684688674e-18,2.924231343973887e-17,False
MagpieData range NdUnfilled,0.0,8.326672684688674e-18,2.924231343973887e-17,False
MagpieData range AtomicWeight,0.0,8.326672684688674e-18,2.924231343973887e-17,False
endmember_MagpieData range NfUnfilled,0.0,8.326672684688674e-18,2.924231343973887e-17,False
endmember_MagpieData mode NdUnfilled,0.0,8.326672684688674e-18,2.924231343973887e-17,False
MagpieData range MeltingT,0.0,8.326672684688674e-18,2.924231343973887e-17,False
MagpieData range Row,0.0,8.326672684688674e-18,2.924231343973887e-17,False
MagpieData range NfUnfilled,0.0,8.326672684688674e-18,2.924231343973887e-17,False
endmember_MagpieData minimum NpValence,0.0,8.326672684688674e-18,2.924231343973887e-17,False
endmember_MagpieData minimum GSbandgap,0.0,8.326672684688674e-18,2.924231343973887e-17,False
MagpieData range GSvolume_pa,0.0,8.326672684688674e-18,2.924231343973887e-17,False
MagpieData range NpUnfilled,0.0,8.326672684688674e-18,2.924231343973887e-17,False
MagpieData avg_dev NValence,0.0,8.326672684688674e-18,2.924231343973887e-17,False
MagpieData avg_dev GSvolume_pa,0.0,8.326672684688674e-18,2.924231343973887e-17,False
MagpieData avg_dev SpaceGroupNumber,0.0,8.326672684688674e-18,2.924231343973887e-17,False
MagpieData range GSmagmom,0.0,5.551115123125783e-18,2.419674984566563e-17,False
MagpieData avg_dev GSbandgap,0.0,5.551115123125783e-18,2.4196749845665626e-17,False
MagpieData minimum GSmagmom,0.0,5.551115123125783e-18,2.4196749845665626e-17,False
endmember_MagpieData minimum GSmagmom,0.0,5.551115123125783e-18,2.419674984566563e-17,False
MagpieData avg_dev NdValence,0.0,5.551115123125783e-18,2.419674984566563e-17,False
MagpieData avg_dev CovalentRadius,0.0,5.551115123125783e-18,2.419674984566563e-17,False
MagpieData range MendeleevNumber,0.0,5.551115123125783e-18,2.419674984566563e-17,False
MagpieData avg_dev NfValence,0.0,5.551115123125783e-18,2.419674984566563e-17,False
MagpieData mode NfUnfilled,0.0,5.551115123125783e-18,2.419674984566563e-17,False
endmember_MagpieData range GSmagmom,0.0,5.551115123125783e-18,2.419674984566563e-17,False
endmember_MagpieData minimum NfUnfilled,0.0,5.551115123125783e-18,2.419674984566563e-17,False
MagpieData minimum NfUnfilled,0.0,5.551115123125783e-18,2.419674984566563e-17,False
MagpieData avg_dev NsValence,0.0,5.551115123125783e-18,2.4196749845665626e-17,False
MagpieData mode GSmagmom,0.0,5.551115123125783e-18,2.419674984566563e-17,False
MagpieData range SpaceGroupNumber,0.0,5.551115123125783e-18,2.419674984566563e-17,False
MagpieData avg_dev NfUnfilled,0.0,5.551115123125783e-18,2.4196749845665626e-17,False
MagpieData range NsUnfilled,0.0,5.551115123125783e-18,2.4196749845665626e-17,False
endmember_n_experimental,0.0,5.551115123125783e-18,2.419674984566563e-17,False
MagpieData avg_dev NUnfilled,0.0,5.551115123125783e-18,2.419674984566563e-17,False
endmember_MagpieData minimum NpUnfilled,0.0,5.551115123125783e-18,2.4196749845665626e-17,False
MagpieData avg_dev Row,0.0,2.7755575615628915e-18,1.7333351416399796e-17,False
endmember_MagpieData minimum NfValence,0.0,2.7755575615628915e-18,1.7333351416399796e-17,False
endmember_MagpieData avg_dev GSmagmom,0.0,2.7755575615628915e-18,1.7333351416399796e-17,False
MagpieData avg_dev Number,0.0,2.7755575615628915e-18,1.7333351416399796e-17,False
MagpieData range NsValence,0.0,2.7755575615628915e-18,1.7333351416399796e-17,False
MagpieData mean NfUnfilled,0.0,2.7755575615628915e-18,1.7333351416399796e-17,False
endmember_n_near_hull,0.0,2.7755575615628915e-18,1.7333351416399796e-17,False
endmember_MagpieData minimum NdUnfilled,0.0,2.7755575615628915e-18,1.7333351416399796e-17,False
endmember_material_id_forced,0.0,0.0,0.0,False
mp_theoretical,0.0,0.0,0.0,False
endmember_theoretical,0.0,0.0,0.0,False
endmember_MagpieData maximum NfUnfilled,0.0,0.0,0.0,False
MagpieData range NpValence,0.0,0.0,0.0,False
MagpieData avg_dev AtomicWeight,0.0,0.0,0.0,False
endmember_energy_above_hull,0.00020029806682069753,-4.1636982311407664e-05,6.295220231635482e-05,False
