element,endmember_material_id,role,endmember_MagpieData minimum Number,endmember_MagpieData maximum Number,endmember_MagpieData range Number,endmember_MagpieData mean Number,endmember_MagpieData avg_dev Number,endmember_MagpieData mode Number,endmember_MagpieData minimum MendeleevNumber,endmember_MagpieData maximum MendeleevNumber,endmember_MagpieData range MendeleevNumber,endmember_MagpieData mean MendeleevNumber,endmember_MagpieData avg_dev MendeleevNumber,endmember_MagpieData mode MendeleevNumber,endmember_MagpieData minimum AtomicWeight,endmember_MagpieData maximum AtomicWeight,endmember_MagpieData range AtomicWeight,endmember_MagpieData mean AtomicWeight,endmember_MagpieData avg_dev AtomicWeight,endmember_MagpieData mode AtomicWeight,endmember_MagpieData minimum MeltingT,endmember_MagpieData maximum MeltingT,endmember_MagpieData range MeltingT,endmember_MagpieData mean MeltingT,endmember_MagpieData avg_dev MeltingT,endmember_MagpieData mode MeltingT,endmember_MagpieData minimum Column,endmember_MagpieData maximum Column,endmember_MagpieData range Column,endmember_MagpieData mean Column,endmember_MagpieData avg_dev Column,endmember_MagpieData mode Column,endmember_MagpieData minimum Row,endmember_MagpieData maximum Row,endmember_MagpieData range Row,endmember_MagpieData mean Row,endmember_MagpieData avg_dev Row,endmember_MagpieData mode Row,endmember_MagpieData minimum CovalentRadius,endmember_MagpieData maximum CovalentRadius,endmember_MagpieData range CovalentRadius,endmember_MagpieData mean CovalentRadius,endmember_MagpieData avg_dev CovalentRadius,endmember_MagpieData mode CovalentRadius,endmember_MagpieData minimum Electronegativity,endmember_MagpieData maximum Electronegativity,endmember_MagpieData range Electronegativity,endmember_MagpieData mean Electronegativity,endmember_MagpieData avg_dev Electronegativity,endmember_MagpieData mode Electronegativity,endmember_MagpieData minimum NsValence,endmember_MagpieData maximum NsValence,endmember_MagpieData range NsValence,endmember_MagpieData mean NsValence,endmember_MagpieData avg_dev NsValence,endmember_MagpieData mode NsValence,endmember_MagpieData minimum NpValence,endmember_MagpieData maximum NpValence,endmember_MagpieData range NpValence,endmember_MagpieData mean NpValence,endmember_MagpieData avg_dev NpValence,endmember_MagpieData mode NpValence,endmember_MagpieData minimum NdValence,endmember_MagpieData maximum NdValence,endmember_MagpieData range NdValence,endmember_MagpieData mean NdValence,endmember_MagpieData avg_dev NdValence,endmember_MagpieData mode NdValence,endmember_MagpieData minimum NfValence,endmember_MagpieData maximum NfValence,endmember_MagpieData range NfValence,endmember_MagpieData mean NfValence,endmember_MagpieData avg_dev NfValence,endmember_MagpieData mode NfValence,endmember_MagpieData minimum NValence,endmember_MagpieData maximum NValence,endmember_MagpieData range NValence,endmember_MagpieData mean NValence,endmember_MagpieData avg_dev NValence,endmember_MagpieData mode NValence,endmember_MagpieData minimum NsUnfilled,endmember_MagpieData maximum NsUnfilled,endmember_MagpieData range NsUnfilled,endmember_MagpieData mean NsUnfilled,endmember_MagpieData avg_dev NsUnfilled,endmember_MagpieData mode NsUnfilled,endmember_MagpieData minimum NpUnfilled,endmember_MagpieData maximum NpUnfilled,endmember_MagpieData range NpUnfilled,endmember_MagpieData mean NpUnfilled,endmember_MagpieData avg_dev NpUnfilled,endmember_MagpieData mode NpUnfilled,endmember_MagpieData minimum NdUnfilled,endmember_MagpieData maximum NdUnfilled,endmember_MagpieData range NdUnfilled,endmember_MagpieData mean NdUnfilled,endmember_MagpieData avg_dev NdUnfilled,endmember_MagpieData mode NdUnfilled,endmember_MagpieData minimum NfUnfilled,endmember_MagpieData maximum NfUnfilled,endmember_MagpieData range NfUnfilled,endmember_MagpieData mean NfUnfilled,endmember_MagpieData avg_dev NfUnfilled,endmember_MagpieData mode NfUnfilled,endmember_MagpieData minimum NUnfilled,endmember_MagpieData maximum NUnfilled,endmember_MagpieData range NUnfilled,endmember_MagpieData mean NUnfilled,endmember_MagpieData avg_dev NUnfilled,endmember_MagpieData mode NUnfilled,endmember_MagpieData minimum GSvolume_pa,endmember_MagpieData maximum GSvolume_pa,endmember_MagpieData range GSvolume_pa,endmember_MagpieData mean GSvolume_pa,endmember_MagpieData avg_dev GSvolume_pa,endmember_MagpieData mode GSvolume_pa,endmember_MagpieData minimum GSbandgap,endmember_MagpieData maximum GSbandgap,endmember_MagpieData range GSbandgap,endmember_MagpieData mean GSbandgap,endmember_MagpieData avg_dev GSbandgap,endmember_MagpieData mode GSbandgap,endmember_MagpieData minimum GSmagmom,endmember_MagpieData maximum GSmagmom,endmember_MagpieData range GSmagmom,endmember_MagpieData mean GSmagmom,endmember_MagpieData avg_dev GSmagmom,endmember_MagpieData mode GSmagmom,endmember_MagpieData minimum SpaceGroupNumber,endmember_MagpieData maximum SpaceGroupNumber,endmember_MagpieData range SpaceGroupNumber,endmember_MagpieData mean SpaceGroupNumber,endmember_MagpieData avg_dev SpaceGroupNumber,endmember_MagpieData mode SpaceGroupNumber,endmember_density,endmember_vpa,endmember_packing fraction,endmember_spacegroup_num,endmember_crystal_system,endmember_crystal_system_int,endmember_is_centrosymmetric,endmember_n_symmetry_ops
Ag,mp-2426,endmember,3.0,47.0,44.0,25.0,22.0,3.0,1.0,65.0,64.0,33.0,32.0,1.0,6.941,107.8682,100.9272,57.4046,50.4636,6.941,453.69,1234.93,781.24,844.3100000000001,390.62,453.69,1.0,11.0,10.0,6.0,5.0,1.0,2.0,5.0,3.0,3.5,1.5,2.0,128.0,145.0,17.0,136.5,8.5,128.0,0.98,1.93,0.95,1.455,0.475,0.98,1.0,1.0,0.0,1.0,0.0,1.0,0.0,0.0,0.0,0.0,0.0,0.0,0.0,10.0,10.0,5.0,5.0,0.0,0.0,0.0,0.0,0.0,0.0,0.0,1.0,11.0,10.0,6.0,5.0,1.0,1.0,1.0,0.0,1.0,0.0,1.0,0.0,0.0,0.0,0.0,0.0,0.0,0.0,0.0,0.0,0.0,0.0,0.0,0.0,0.0,0.0,0.0,0.0,0.0,1.0,1.0,0.0,1.0,0.0,1.0,16.33,16.5933333333,0.2633333333000003,16.461666666649997,0.13166666665000015,16.33,0.0,0.0,0.0,0.0,0.0,0.0,0.0,0.0,0.0,0.0,0.0,0.0,225.0,229.0,4.0,227.0,2.0,225.0,6.2606319363997605,15.22571235684895,0.9827893275354641,221,cubic,1,True,48
Al,mp-568404,endmember,3.0,13.0,10.0,6.076923076923077,4.260355029585799,3.0,1.0,73.0,72.0,23.153846153846153,30.674556213017752,1.0,6.941,26.9815386,20.0405386,13.10731956923077,8.537980942011835,6.941,453.69,933.47,479.78000000000003,601.3146153846154,204.4033136094675,453.69,1.0,13.0,12.0,4.6923076923076925,5.112426035502958,1.0,2.0,3.0,1.0,2.3076923076923075,0.4260355029585798,2.0,121.0,128.0,7.0,125.84615384615384,2.9822485207100615,128.0,0.98,1.61,0.6300000000000001,1.173846153846154,0.26840236686390545,0.98,1.0,2.0,1.0,1.3076923076923077,0.4260355029585799,1.0,0.0,1.0,1.0,0.3076923076923077,0.4260355029585799,0.0,0.0,0.0,0.0,0.0,0.0,0.0,0.0,0.0,0.0,0.0,0.0,0.0,1.0,3.0,2.0,1.6153846153846154,0.8520710059171598,1.0,0.0,1.0,1.0,0.6923076923076923,0.4260355029585799,1.0,0.0,5.0,5.0,1.5384615384615385,2.1301775147928996,0.0,0.0,0.0,0.0,0.0,0.0,0.0,0.0,0.0,0.0,0.0,0.0,0.0,1.0,5.0,4.0,2.230769230769231,1.7041420118343196,1.0,16.48,16.5933333333,0.11333333329999817,16.558461538438458,0.04828402365443825,16.5933333333,0.0,0.0,0.0,0.0,0.0,0.0,0.0,0.0,0.0,0.0,0.0,0.0,225.0,229.0,4.0,227.76923076923077,1.7041420118343178,229.0,1.3190716790201644,16.50040447361817,0.6883531881041327,2,triclinic,7,True,2
Au,mp-567395,endmember,3.0,79.0,76.0,19.0,25.263157894736842,3.0,1.0,66.0,65.0,14.68421052631579,21.606648199445985,1.0,6.941,196.966569,190.025569,46.94638294736842,63.16639412742382,6.941,453.69,1337.33,883.6399999999999,639.7194736842106,293.7307479224377,453.69,1.0,11.0,10.0,3.1052631578947367,3.32409972299169,1.0,2.0,6.0,4.0,2.8421052631578947,1.3296398891966759,2.0,128.0,136.0,8.0,129.68421052631578,2.6592797783933464,128.0,0.98,2.54,1.56,1.308421052631579,0.5185595567867036,0.98,1.0,1.0,0.0,1.0,0.0,1.0,0.0,0.0,0.0,0.0,0.0,0.0,0.0,10.0,10.0,2.1052631578947367,3.32409972299169,0.0,0.0,14.0,14.0,2.9473684210526314,4.653739612188366,0.0,1.0,25.0,24.0,6.052631578947368,7.977839335180055,1.0,1.0,1.0,0.0,1.0,0.0,1.0,0.0,0.0,0.0,0.0,0.0,0.0,0.0,0.0,0.0,0.0,0.0,0.0,0.0,0.0,0.0,0.0,0.0,0.0,1.0,1.0,0.0,1.0,0.0,1.0,16.5933333333,16.7,0.10666666670000069,16.615789473657895,0.035457063722992566,16.5933333333,0.0,0.0,0.0,0.0,0.0,0.0,0.0,0.0,0.0,0.0,0.0,0.0,225.0,229.0,4.0,228.1578947368421,1.3296398891966732,229.0,4.8347374806488865,16.1242059864897,0.7598080768048802,220,cubic,1,False,24
B,mp-1001835,endmember,3.0,5.0,2.0,4.0,1.0,3.0,1.0,72.0,71.0,36.5,35.5,1.0,6.941,10.811,3.87,8.876,1.935,6.941,453.69,2348.0,1894.31,1400.845,947.155,453.69,1.0,13.0,12.0,7.0,6.0,1.0,2.0,2.0,0.0,2.0,0.0,2.0,84.0,128.0,44.0,106.0,22.0,84.0,0.98,2.04,1.06,1.51,0.53,0.98,1.0,2.0,1.0,1.5,0.5,1.0,0.0,1.0,1.0,0.5,0.5,0.0,0.0,0.0,0.0,0.0,0.0,0.0,0.0,0.0,0.0,0.0,0.0,0.0,1.0,3.0,2.0,2.0,1.0,1.0,0.0,1.0,1.0,0.5,0.5,0.0,0.0,5.0,5.0,2.5,2.5,0.0,0.0,0.0,0.0,0.0,0.0,0.0,0.0,0.0,0.0,0.0,0.0,0.0,1.0,5.0,4.0,3.0,2.0,1.0,7.1725,16.5933333333,9.4208333333,11.882916666649999,4.71041666665,7.1725,0.0,1.524,1.524,0.762,0.762,0.0,0.0,0.0,0.0,0.0,0.0,0.0,166.0,229.0,63.0,197.5,31.5,166.0,1.3678437685165254,10.775313025491807,0.7119278709715762,194,hexagonal,2,True,24
Be,mp-87,endmember,4.0,4.0,0.0,4.0,0.0,4.0,67.0,67.0,0.0,67.0,0.0,67.0,9.012182,9.012182,0.0,9.012182,0.0,9.012182,1560.0,1560.0,0.0,1560.0,0.0,1560.0,2.0,2.0,0.0,2.0,0.0,2.0,2.0,2.0,0.0,2.0,0.0,2.0,96.0,96.0,0.0,96.0,0.0,96.0,1.57,1.57,0.0,1.57,0.0,1.57,2.0,2.0,0.0,2.0,0.0,2.0,0.0,0.0,0.0,0.0,0.0,0.0,0.0,0.0,0.0,0.0,0.0,0.0,0.0,0.0,0.0,0.0,0.0,0.0,2.0,2.0,0.0,2.0,0.0,2.0,0.0,0.0,0.0,0.0,0.0,0.0,0.0,0.0,0.0,0.0,0.0,0.0,0.0,0.0,0.0,0.0,0.0,0.0,0.0,0.0,0.0,0.0,0.0,0.0,0.0,0.0,0.0,0.0,0.0,0.0,7.89,7.89,0.0,7.89,0.0,7.89,0.0,0.0,0.0,0.0,0.0,0.0,0.0,0.0,0.0,0.0,0.0,0.0,194.0,194.0,0.0,194.0,0.0,194.0,1.8826149238156762,7.949092572200806,0.6100128054582872,194,hexagonal,2,True,16
Bi,mp-23222,endmember,3.0,83.0,80.0,23.0,30.0,3.0,1.0,86.0,85.0,22.25,31.875,1.0,6.941,208.9804,202.0394,57.45085,75.764775,6.941,453.69,544.4,90.70999999999998,476.36749999999995,34.01624999999997,453.69,1.0,15.0,14.0,4.5,5.25,1.0,2.0,6.0,4.0,3.0,1.5,2.0,128.0,148.0,20.0,133.0,7.5,128.0,0.98,2.02,1.04,1.24,0.39,0.98,1.0,2.0,1.0,1.25,0.375,1.0,0.0,3.0,3.0,0.75,1.125,0.0,0.0,10.0,10.0,2.5,3.75,0.0,0.0,14.0,14.0,3.5,5.25,0.0,1.0,29.0,28.0,8.0,10.5,1.0,0.0,1.0,1.0,0.75,0.375,1.0,0.0,3.0,3.0,0.75,1.125,0.0,0.0,0.0,0.0,0.0,0.0,0.0,0.0,0.0,0.0,0.0,0.0,0.0,1.0,3.0,2.0,1.5,0.75,1.0,16.5933333333,32.95,16.356666666700004,20.682499999975,6.133750000012502,16.5933333333,0.0,0.0,0.0,0.0,0.0,0.0,0.0,0.0,0.0,0.0,0.0,0.0,12.0,229.0,217.0,174.75,81.375,229.0,5.095583583301973,18.72197353023166,0.7406729344457023,225,cubic,1,True,48
Ca,mp-570466,endmember,3.0,20.0,17.0,8.666666666666666,7.5555555555555545,3.0,1.0,7.0,6.0,3.0,2.6666666666666665,1.0,6.941,40.078,33.137,17.986666666666668,14.72755555555556,6.941,453.69,1115.0,661.31,674.1266666666667,293.91555555555556,453.69,1.0,2.0,1.0,1.3333333333333333,0.4444444444444444,1.0,2.0,4.0,2.0,2.6666666666666665,0.8888888888888888,2.0,128.0,176.0,48.0,144.0,21.333333333333332,128.0,0.98,1.0,0.020000000000000018,0.9866666666666667,0.00888888888888891,0.98,1.0,2.0,1.0,1.3333333333333333,0.4444444444444444,1.0,0.0,0.0,0.0,0.0,0.0,0.0,0.0,0.0,0.0,0.0,0.0,0.0,0.0,0.0,0.0,0.0,0.0,0.0,1.0,2.0,1.0,1.3333333333333333,0.4444444444444444,1.0,0.0,1.0,1.0,0.6666666666666666,0.4444444444444445,1.0,0.0,0.0,0.0,0.0,0.0,0.0,0.0,0.0,0.0,0.0,0.0,0.0,0.0,0.0,0.0,0.0,0.0,0.0,0.0,1.0,1.0,0.6666666666666666,0.4444444444444445,1.0,16.5933333333,37.77,21.176666666700005,23.6522222222,9.411851851866668,16.5933333333,0.0,0.0,0.0,0.0,0.0,0.0,0.0,0.0,0.0,0.0,0.0,0.0,225.0,229.0,4.0,227.66666666666666,1.777777777777781,229.0,1.0595078153990543,28.190035302752065,0.5908603875305045,194,hexagonal,2,True,24
Cd,mp-1437,endmember,3.0,48.0,45.0,25.5,22.5,3.0,1.0,70.0,69.0,35.5,34.5,1.0,6.941,112.411,105.47,59.676,52.735,6.941,453.69,594.22,140.53000000000003,523.955,70.26500000000001,453.69,1.0,12.0,11.0,6.5,5.5,1.0,2.0,5.0,3.0,3.5,1.5,2.0,128.0,144.0,16.0,136.0,8.0,128.0,0.98,1.69,0.71,1.335,0.355,0.98,1.0,2.0,1.0,1.5,0.5,1.0,0.0,0.0,0.0,0.0,0.0,0.0,0.0,10.0,10.0,5.0,5.0,0.0,0.0,0.0,0.0,0.0,0.0,0.0,1.0,12.0,11.0,6.5,5.5,1.0,0.0,1.0,1.0,0.5,0.5,0.0,0.0,0.0,0.0,0.0,0.0,0.0,0.0,0.0,0.0,0.0,0.0,0.0,0.0,0.0,0.0,0.0,0.0,0.0,0.0,1.0,1.0,0.5,0.5,0.0,16.5933333333,19.495,2.9016666667000024,18.04416666665,1.4508333333500012,16.5933333333,0.0,0.0,0.0,0.0,0.0,0.0,0.0,0.0,0.0,0.0,0.0,0.0,194.0,229.0,35.0,211.5,17.5,194.0,5.35549291275739,18.50330699548047,0.7665813918788952,227,cubic,1,True,48
Ce,mp-28,endmember,58.0,58.0,0.0,58.0,0.0,58.0,15.0,15.0,0.0,15.0,0.0,15.0,140.116,140.116,0.0,140.116,0.0,140.116,1071.0,1071.0,0.0,1071.0,0.0,1071.0,3.0,3.0,0.0,3.0,0.0,3.0,6.0,6.0,0.0,6.0,0.0,6.0,204.0,204.0,0.0,204.0,0.0,204.0,1.12,1.12,0.0,1.12,0.0,1.12,2.0,2.0,0.0,2.0,0.0,2.0,0.0,0.0,0.0,0.0,0.0,0.0,1.0,1.0,0.0,1.0,0.0,1.0,1.0,1.0,0.0,1.0,0.0,1.0,4.0,4.0,0.0,4.0,0.0,4.0,0.0,0.0,0.0,0.0,0.0,0.0,0.0,0.0,0.0,0.0,0.0,0.0,9.0,9.0,0.0,9.0,0.0,9.0,13.0,13.0,0.0,13.0,0.0,13.0,22.0,22.0,0.0,22.0,0.0,22.0,37.24,37.24,0.0,37.24,0.0,37.24,0.0,0.0,0.0,0.0,0.0,0.0,0.0,0.0,0.0,0.0,0.0,0.0,194.0,194.0,0.0,194.0,0.0,194.0,9.123650342709299,25.501645004043755,1.0400054104813674,225,cubic,1,True,48
Co,mp-102,endmember,27.0,27.0,0.0,27.0,0.0,27.0,58.0,58.0,0.0,58.0,0.0,58.0,58.933195,58.933195,0.0,58.933195,0.0,58.933195,1768.0,1768.0,0.0,1768.0,0.0,1768.0,9.0,9.0,0.0,9.0,0.0,9.0,4.0,4.0,0.0,4.0,0.0,4.0,126.0,126.0,0.0,126.0,0.0,126.0,1.88,1.88,0.0,1.88,0.0,1.88,2.0,2.0,0.0,2.0,0.0,2.0,0.0,0.0,0.0,0.0,0.0,0.0,7.0,7.0,0.0,7.0,0.0,7.0,0.0,0.0,0.0,0.0,0.0,0.0,9.0,9.0,0.0,9.0,0.0,9.0,0.0,0.0,0.0,0.0,0.0,0.0,0.0,0.0,0.0,0.0,0.0,0.0,3.0,3.0,0.0,3.0,0.0,3.0,0.0,0.0,0.0,0.0,0.0,0.0,3.0,3.0,0.0,3.0,0.0,3.0,10.245,10.245,0.0,10.245,0.0,10.245,0.0,0.0,0.0,0.0,0.0,0.0,1.5484712,1.5484712,0.0,1.5484712,0.0,1.5484712,194.0,194.0,0.0,194.0,0.0,194.0,9.026471238323484,10.841542632772713,0.9506022389237768,225,cubic,1,True,48
Cr,mp-90,endmember,24.0,24.0,0.0,24.0,0.0,24.0,49.0,49.0,0.0,49.0,0.0,49.0,51.9961,51.9961,0.0,51.9961,0.0,51.9961,2180.0,2180.0,0.0,2180.0,0.0,2180.0,6.0,6.0,0.0,6.0,0.0,6.0,4.0,4.0,0.0,4.0,0.0,4.0,139.0,139.0,0.0,139.0,0.0,139.0,1.66,1.66,0.0,1.66,0.0,1.66,1.0,1.0,0.0,1.0,0.0,1.0,0.0,0.0,0.0,0.0,0.0,0.0,5.0,5.0,0.0,5.0,0.0,5.0,0.0,0.0,0.0,0.0,0.0,0.0,6.0,6.0,0.0,6.0,0.0,6.0,1.0,1.0,0.0,1.0,0.0,1.0,0.0,0.0,0.0,0.0,0.0,0.0,5.0,5.0,0.0,5.0,0.0,5.0,0.0,0.0,0.0,0.0,0.0,0.0,6.0,6.0,0.0,6.0,0.0,6.0,11.19,11.19,0.0,11.19,0.0,11.19,0.0,0.0,0.0,0.0,0.0,0.0,0.0,0.0,0.0,0.0,0.0,0.0,229.0,229.0,0.0,229.0,0.0,229.0,6.598776794003701,13.084478862799184,0.8784484611468062,229,cubic,1,True,96
Cu,mp-30,endmember,29.0,29.0,0.0,29.0,0.0,29.0,64.0,64.0,0.0,64.0,0.0,64.0,63.546,63.546,0.0,63.546,0.0,63.546,1357.77,1357.77,0.0,1357.77,0.0,1357.77,11.0,11.0,0.0,11.0,0.0,11.0,4.0,4.0,0.0,4.0,0.0,4.0,132.0,132.0,0.0,132.0,0.0,132.0,1.9,1.9,0.0,1.9,0.0,1.9,1.0,1.0,0.0,1.0,0.0,1.0,0.0,0.0,0.0,0.0,0.0,0.0,10.0,10.0,0.0,10.0,0.0,10.0,0.0,0.0,0.0,0.0,0.0,0.0,11.0,11.0,0.0,11.0,0.0,11.0,1.0,1.0,0.0,1.0,0.0,1.0,0.0,0.0,0.0,0.0,0.0,0.0,0.0,0.0,0.0,0.0,0.0,0.0,0.0,0.0,0.0,0.0,0.0,0.0,1.0,1.0,0.0,1.0,0.0,1.0,11.07,11.07,0.0,11.07,0.0,11.07,0.0,0.0,0.0,0.0,0.0,0.0,0.0,0.0,0.0,0.0,0.0,0.0,225.0,225.0,0.0,225.0,0.0,225.0,9.218996060025667,11.445998564977856,0.9004015369733935,225,cubic,1,True,48
Fe,mp-13,endmember,26.0,26.0,0.0,26.0,0.0,26.0,55.0,55.0,0.0,55.0,0.0,55.0,55.845,55.845,0.0,55.845,0.0,55.845,1811.0,1811.0,0.0,1811.0,0.0,1811.0,8.0,8.0,0.0,8.0,0.0,8.0,4.0,4.0,0.0,4.0,0.0,4.0,132.0,132.0,0.0,132.0,0.0,132.0,1.83,1.83,0.0,1.83,0.0,1.83,2.0,2.0,0.0,2.0,0.0,2.0,0.0,0.0,0.0,0.0,0.0,0.0,6.0,6.0,0.0,6.0,0.0,6.0,0.0,0.0,0.0,0.0,0.0,0.0,8.0,8.0,0.0,8.0,0.0,8.0,0.0,0.0,0.0,0.0,0.0,0.0,0.0,0.0,0.0,0.0,0.0,0.0,4.0,4.0,0.0,4.0,0.0,4.0,0.0,0.0,0.0,0.0,0.0,0.0,4.0,4.0,0.0,4.0,0.0,4.0,10.73,10.73,0.0,10.73,0.0,10.73,0.0,0.0,0.0,0.0,0.0,0.0,2.1106628,2.1106628,0.0,2.1106628,0.0,2.1106628,229.0,229.0,0.0,229.0,0.0,229.0,7.902858241785766,11.734084234678496,0.9795430211728646,229,cubic,1,True,16
Ga,mp-29210,endmember,3.0,31.0,28.0,12.333333333333334,12.444444444444443,3.0,1.0,74.0,73.0,25.333333333333332,32.44444444444445,1.0,6.941,69.723,62.782,27.868333333333336,27.903111111111112,6.941,302.91,453.69,150.77999999999997,403.43,67.01333333333332,453.69,1.0,13.0,12.0,5.0,5.333333333333333,1.0,2.0,4.0,2.0,2.6666666666666665,0.8888888888888888,2.0,122.0,128.0,6.0,126.0,2.6666666666666665,128.0,0.98,1.81,0.8300000000000001,1.2566666666666666,0.3688888888888889,0.98,1.0,2.0,1.0,1.3333333333333333,0.4444444444444444,1.0,0.0,1.0,1.0,0.3333333333333333,0.4444444444444445,0.0,0.0,10.0,10.0,3.3333333333333335,4.444444444444444,0.0,0.0,0.0,0.0,0.0,0.0,0.0,1.0,13.0,12.0,5.0,5.333333333333333,1.0,0.0,1.0,1.0,0.6666666666666666,0.4444444444444445,1.0,0.0,5.0,5.0,1.6666666666666667,2.222222222222222,0.0,0.0,0.0,0.0,0.0,0.0,0.0,0.0,0.0,0.0,0.0,0.0,0.0,1.0,5.0,4.0,2.3333333333333335,1.777777777777778,1.0,16.5933333333,18.8575,2.264166666700003,17.348055555533332,1.0062962963111122,16.5933333333,0.0,0.0,0.0,0.0,0.0,0.0,0.0,0.0,0.0,0.0,0.0,0.0,64.0,229.0,165.0,174.0,73.33333333333333,229.0,3.073765027419936,15.055300542777394,0.7692279330975563,63,orthorhombic,5,True,8
Ge,mp-1777,endmember,3.0,32.0,29.0,9.105263157894736,9.639889196675899,3.0,1.0,79.0,78.0,17.42105263157895,25.92797783933518,1.0,6.941,72.64,65.699,20.772368421052633,21.839002770083102,6.941,453.69,1211.4,757.71,613.2078947368421,251.8703601108034,453.69,1.0,14.0,13.0,3.736842105263158,4.321329639889197,1.0,2.0,4.0,2.0,2.4210526315789473,0.6648199445983379,2.0,120.0,128.0,8.0,126.3157894736842,2.659279778393355,128.0,0.98,2.01,1.0299999999999998,1.1968421052631577,0.3423822714681439,0.98,1.0,2.0,1.0,1.2105263157894737,0.33240997229916897,1.0,0.0,2.0,2.0,0.42105263157894735,0.6648199445983379,0.0,0.0,10.0,10.0,2.1052631578947367,3.32409972299169,0.0,0.0,0.0,0.0,0.0,0.0,0.0,1.0,14.0,13.0,3.736842105263158,4.321329639889197,1.0,0.0,1.0,1.0,0.7894736842105263,0.33240997229916897,1.0,0.0,4.0,4.0,0.8421052631578947,1.3296398891966759,0.0,0.0,0.0,0.0,0.0,0.0,0.0,0.0,0.0,0.0,0.0,0.0,0.0,1.0,4.0,3.0,1.631578947368421,0.9972299168975068,1.0,16.5933333333,23.005,6.4116666667,17.943157894710524,2.1313019390692514,16.5933333333,0.0,0.383,0.383,0.08063157894736843,0.12731301939058173,0.0,0.0,0.0,0.0,0.0,0.0,0.0,225.0,229.0,4.0,228.1578947368421,1.3296398891966732,229.0,2.204826685254165,15.644462917583775,0.7545150831602236,220,cubic,1,False,24
Hf,mp-103,endmember,72.0,72.0,0.0,72.0,0.0,72.0,45.0,45.0,0.0,45.0,0.0,45.0,178.49,178.49,0.0,178.49,0.0,178.49,2506.0,2506.0,0.0,2506.0,0.0,2506.0,4.0,4.0,0.0,4.0,0.0,4.0,6.0,6.0,0.0,6.0,0.0,6.0,175.0,175.0,0.0,175.0,0.0,175.0,1.3,1.3,0.0,1.3,0.0,1.3,2.0,2.0,0.0,2.0,0.0,2.0,0.0,0.0,0.0,0.0,0.0,0.0,2.0,2.0,0.0,2.0,0.0,2.0,14.0,14.0,0.0,14.0,0.0,14.0,18.0,18.0,0.0,18.0,0.0,18.0,0.0,0.0,0.0,0.0,0.0,0.0,0.0,0.0,0.0,0.0,0.0,0.0,8.0,8.0,0.0,8.0,0.0,8.0,0.0,0.0,0.0,0.0,0.0,0.0,8.0,8.0,0.0,8.0,0.0,8.0,22.2,22.2,0.0,22.2,0.0,22.2,0.0,0.0,0.0,0.0,0.0,0.0,0.0,0.0,0.0,0.0,0.0,0.0,194.0,194.0,0.0,194.0,0.0,194.0,13.312731494192928,22.26362174740903,0.7006286443787715,194,hexagonal,2,True,24
Hg,mp-1646,endmember,3.0,80.0,77.0,22.25,28.875,3.0,1.0,71.0,70.0,18.5,26.25,1.0,6.941,200.59,193.649,55.35325,72.618375,6.941,234.32,453.69,219.37,398.84749999999997,82.26375000000002,453.69,1.0,12.0,11.0,3.75,4.125,1.0,2.0,6.0,4.0,3.0,1.5,2.0,128.0,132.0,4.0,129.0,1.5,128.0,0.98,2.0,1.02,1.2349999999999999,0.38249999999999995,0.98,1.0,2.0,1.0,1.25,0.375,1.0,0.0,0.0,0.0,0.0,0.0,0.0,0.0,10.0,10.0,2.5,3.75,0.0,0.0,14.0,14.0,3.5,5.25,0.0,1.0,26.0,25.0,7.25,9.375,1.0,0.0,1.0,1.0,0.75,0.375,1.0,0.0,0.0,0.0,0.0,0.0,0.0,0.0,0.0,0.0,0.0,0.0,0.0,0.0,0.0,0.0,0.0,0.0,0.0,0.0,1.0,1.0,0.75,0.375,1.0,16.5933333333,25.2375862069,8.644252873600003,18.7543965517,3.241594827600002,16.5933333333,0.0,0.0,0.0,0.0,0.0,0.0,0.0,0.0,0.0,0.0,0.0,0.0,166.0,229.0,63.0,213.25,23.625,229.0,5.39086199804241,17.05037788948662,0.769005222278595,139,tetragonal,4,True,16
In,mp-510430,endmember,3.0,49.0,46.0,11.625,14.015625,3.0,1.0,75.0,74.0,14.875,22.546875,1.0,6.941,114.818,107.877,27.1679375,32.868773437499996,6.941,429.75,453.69,23.939999999999998,449.20125,7.294218749999988,453.69,1.0,13.0,12.0,3.25,3.65625,1.0,2.0,5.0,3.0,2.5625,0.9140625,2.0,128.0,142.0,14.0,130.625,4.265625,128.0,0.98,1.78,0.8,1.13,0.24374999999999997,0.98,1.0,2.0,1.0,1.1875,0.3046875,1.0,0.0,1.0,1.0,0.1875,0.3046875,0.0,0.0,10.0,10.0,1.875,3.046875,0.0,0.0,0.0,0.0,0.0,0.0,0.0,1.0,13.0,12.0,3.25,3.65625,1.0,0.0,1.0,1.0,0.8125,0.3046875,1.0,0.0,5.0,5.0,0.9375,1.5234375,0.0,0.0,0.0,0.0,0.0,0.0,0.0,0.0,0.0,0.0,0.0,0.0,0.0,1.0,5.0,4.0,1.75,1.21875,1.0,16.5933333333,24.26,7.666666666700003,18.030833333306248,2.3359375000101563,16.5933333333,0.0,0.0,0.0,0.0,0.0,0.0,0.0,0.0,0.0,0.0,0.0,0.0,139.0,229.0,90.0,212.125,27.421875,229.0,2.5017113544371603,18.03302429783169,0.7375574073562523,227,cubic,1,True,48
Ir,mp-279,endmember,3.0,77.0,74.0,40.0,37.0,3.0,1.0,60.0,59.0,30.5,29.5,1.0,6.941,192.217,185.276,99.57900000000001,92.638,6.941,453.69,2739.0,2285.31,1596.345,1142.655,453.69,1.0,9.0,8.0,5.0,4.0,1.0,2.0,6.0,4.0,4.0,2.0,2.0,128.0,141.0,13.0,134.5,6.5,128.0,0.98,2.2,1.2200000000000002,1.59,0.6100000000000001,0.98,1.0,2.0,1.0,1.5,0.5,1.0,0.0,0.0,0.0,0.0,0.0,0.0,0.0,7.0,7.0,3.5,3.5,0.0,0.0,14.0,14.0,7.0,7.0,0.0,1.0,23.0,22.0,12.0,11.0,1.0,0.0,1.0,1.0,0.5,0.5,0.0,0.0,0.0,0.0,0.0,0.0,0.0,0.0,3.0,3.0,1.5,1.5,0.0,0.0,0.0,0.0,0.0,0.0,0.0,1.0,3.0,2.0,2.0,1.0,1.0,14.21,16.5933333333,2.3833333332999977,15.40166666665,1.1916666666499989,14.21,0.0,0.0,0.0,0.0,0.0,0.0,0.0,0.0,0.0,0.0,0.0,0.0,225.0,229.0,4.0,227.0,2.0,225.0,12.456833041024145,13.274226233860634,0.8692049100121771,187,hexagonal,2,False,12
K,mp-58,endmember,19.0,19.0,0.0,19.0,0.0,19.0,3.0,3.0,0.0,3.0,0.0,3.0,39.0983,39.0983,0.0,39.0983,0.0,39.0983,336.53,336.53,0.0,336.53,0.0,336.53,1.0,1.0,0.0,1.0,0.0,1.0,4.0,4.0,0.0,4.0,0.0,4.0,203.0,203.0,0.0,203.0,0.0,203.0,0.82,0.82,0.0,0.82,0.0,0.82,1.0,1.0,0.0,1.0,0.0,1.0,0.0,0.0,0.0,0.0,0.0,0.0,0.0,0.0,0.0,0.0,0.0,0.0,0.0,0.0,0.0,0.0,0.0,0.0,1.0,1.0,0.0,1.0,0.0,1.0,1.0,1.0,0.0,1.0,0.0,1.0,0.0,0.0,0.0,0.0,0.0,0.0,0.0,0.0,0.0,0.0,0.0,0.0,0.0,0.0,0.0,0.0,0.0,0.0,1.0,1.0,0.0,1.0,0.0,1.0,73.1066666667,73.1066666667,0.0,73.1066666667,0.0,73.1066666667,0.0,0.0,0.0,0.0,0.0,0.0,0.0,0.0,0.0,0.0,0.0,0.0,229.0,229.0,0.0,229.0,0.0,229.0,0.8268645220441784,78.51861211537867,0.5680466949036876,229,cubic,1,True,48
La,mp-26,endmember,57.0,57.0,0.0,57.0,0.0,57.0,13.0,13.0,0.0,13.0,0.0,13.0,138.90547,138.90547,0.0,138.90547,0.0,138.90547,1193.0,1193.0,0.0,1193.0,0.0,1193.0,3.0,3.0,0.0,3.0,0.0,3.0,6.0,6.0,0.0,6.0,0.0,6.0,207.0,207.0,0.0,207.0,0.0,207.0,1.1,1.1,0.0,1.1,0.0,1.1,2.0,2.0,0.0,2.0,0.0,2.0,0.0,0.0,0.0,0.0,0.0,0.0,1.0,1.0,0.0,1.0,0.0,1.0,0.0,0.0,0.0,0.0,0.0,0.0,3.0,3.0,0.0,3.0,0.0,3.0,0.0,0.0,0.0,0.0,0.0,0.0,0.0,0.0,0.0,0.0,0.0,0.0,9.0,9.0,0.0,9.0,0.0,9.0,0.0,0.0,0.0,0.0,0.0,0.0,9.0,9.0,0.0,9.0,0.0,9.0,36.8975,36.8975,0.0,36.8975,0.0,36.8975,0.0,0.0,0.0,0.0,0.0,0.0,0.0,0.0,0.0,0.0,0.0,0.0,194.0,194.0,0.0,194.0,0.0,194.0,6.139065901187602,37.572158946375566,0.8266587984481966,194,hexagonal,2,True,24
Mg,mp-153,endmember,12.0,12.0,0.0,12.0,0.0,12.0,68.0,68.0,0.0,68.0,0.0,68.0,24.305,24.305,0.0,24.305,0.0,24.305,923.0,923.0,0.0,923.0,0.0,923.0,2.0,2.0,0.0,2.0,0.0,2.0,3.0,3.0,0.0,3.0,0.0,3.0,141.0,141.0,0.0,141.0,0.0,141.0,1.31,1.31,0.0,1.31,0.0,1.31,2.0,2.0,0.0,2.0,0.0,2.0,0.0,0.0,0.0,0.0,0.0,0.0,0.0,0.0,0.0,0.0,0.0,0.0,0.0,0.0,0.0,0.0,0.0,0.0,2.0,2.0,0.0,2.0,0.0,2.0,0.0,0.0,0.0,0.0,0.0,0.0,0.0,0.0,0.0,0.0,0.0,0.0,0.0,0.0,0.0,0.0,0.0,0.0,0.0,0.0,0.0,0.0,0.0,0.0,0.0,0.0,0.0,0.0,0.0,0.0,22.89,22.89,0.0,22.89,0.0,22.89,0.0,0.0,0.0,0.0,0.0,0.0,0.0,0.0,0.0,0.0,0.0,0.0,194.0,194.0,0.0,194.0,0.0,194.0,1.8017993871104938,22.399498167675635,0.6311376636801262,194,hexagonal,2,True,24
Mn,mp-35,endmember,25.0,25.0,0.0,25.0,0.0,25.0,52.0,52.0,0.0,52.0,0.0,52.0,54.938045,54.938045,0.0,54.938045,0.0,54.938045,1519.0,1519.0,0.0,1519.0,0.0,1519.0,7.0,7.0,0.0,7.0,0.0,7.0,4.0,4.0,0.0,4.0,0.0,4.0,139.0,139.0,0.0,139.0,0.0,139.0,1.55,1.55,0.0,1.55,0.0,1.55,2.0,2.0,0.0,2.0,0.0,2.0,0.0,0.0,0.0,0.0,0.0,0.0,5.0,5.0,0.0,5.0,0.0,5.0,0.0,0.0,0.0,0.0,0.0,0.0,7.0,7.0,0.0,7.0,0.0,7.0,0.0,0.0,0.0,0.0,0.0,0.0,0.0,0.0,0.0,0.0,0.0,0.0,5.0,5.0,0.0,5.0,0.0,5.0,0.0,0.0,0.0,0.0,0.0,0.0,5.0,5.0,0.0,5.0,0.0,5.0,10.4875862069,10.4875862069,0.0,10.4875862069,0.0,10.4875862069,0.0,0.0,0.0,0.0,0.0,0.0,0.000310120689655,0.000310120689655,0.0,0.000310120689655,0.0,0.000310120689655,217.0,217.0,0.0,217.0,0.0,217.0,7.005220786623814,13.02268306329172,0.882616912818312,217,cubic,1,False,24
Mo,mp-129,endmember,42.0,42.0,0.0,42.0,0.0,42.0,50.0,50.0,0.0,50.0,0.0,50.0,95.96,95.96,0.0,95.96,0.0,95.96,2896.0,2896.0,0.0,2896.0,0.0,2896.0,6.0,6.0,0.0,6.0,0.0,6.0,5.0,5.0,0.0,5.0,0.0,5.0,154.0,154.0,0.0,154.0,0.0,154.0,2.16,2.16,0.0,2.16,0.0,2.16,1.0,1.0,0.0,1.0,0.0,1.0,0.0,0.0,0.0,0.0,0.0,0.0,5.0,5.0,0.0,5.0,0.0,5.0,0.0,0.0,0.0,0.0,0.0,0.0,6.0,6.0,0.0,6.0,0.0,6.0,1.0,1.0,0.0,1.0,0.0,1.0,0.0,0.0,0.0,0.0,0.0,0.0,5.0,5.0,0.0,5.0,0.0,5.0,0.0,0.0,0.0,0.0,0.0,0.0,6.0,6.0,0.0,6.0,0.0,6.0,15.69,15.69,0.0,15.69,0.0,15.69,0.0,0.0,0.0,0.0,0.0,0.0,0.0,0.0,0.0,0.0,0.0,0.0,229.0,229.0,0.0,229.0,0.0,229.0,10.02490866313136,15.89162790660502,0.8035709502586145,229,cubic,1,True,48
Na,mp-127,endmember,11.0,11.0,0.0,11.0,0.0,11.0,2.0,2.0,0.0,2.0,0.0,2.0,22.98976928,22.98976928,0.0,22.98976928,0.0,22.98976928,370.87,370.87,0.0,370.87,0.0,370.87,1.0,1.0,0.0,1.0,0.0,1.0,3.0,3.0,0.0,3.0,0.0,3.0,166.0,166.0,0.0,166.0,0.0,166.0,0.93,0.93,0.0,0.93,0.0,0.93,1.0,1.0,0.0,1.0,0.0,1.0,0.0,0.0,0.0,0.0,0.0,0.0,0.0,0.0,0.0,0.0,0.0,0.0,0.0,0.0,0.0,0.0,0.0,0.0,1.0,1.0,0.0,1.0,0.0,1.0,1.0,1.0,0.0,1.0,0.0,1.0,0.0,0.0,0.0,0.0,0.0,0.0,0.0,0.0,0.0,0.0,0.0,0.0,0.0,0.0,0.0,0.0,0.0,0.0,1.0,1.0,0.0,1.0,0.0,1.0,29.2433333333,29.2433333333,0.0,29.2433333333,0.0,29.2433333333,0.0,0.0,0.0,0.0,0.0,0.0,0.0,0.0,0.0,0.0,0.0,0.0,229.0,229.0,0.0,229.0,0.0,229.0,1.0246367263907339,37.25750706727941,0.6556805969385023,229,cubic,1,True,48
Nb,mp-75,endmember,41.0,41.0,0.0,41.0,0.0,41.0,47.0,47.0,0.0,47.0,0.0,47.0,92.90638,92.90638,0.0,92.90638,0.0,92.90638,2750.0,2750.0,0.0,2750.0,0.0,2750.0,5.0,5.0,0.0,5.0,0.0,5.0,5.0,5.0,0.0,5.0,0.0,5.0,164.0,164.0,0.0,164.0,0.0,164.0,1.6,1.6,0.0,1.6,0.0,1.6,1.0,1.0,0.0,1.0,0.0,1.0,0.0,0.0,0.0,0.0,0.0,0.0,4.0,4.0,0.0,4.0,0.0,4.0,0.0,0.0,0.0,0.0,0.0,0.0,5.0,5.0,0.0,5.0,0.0,5.0,1.0,1.0,0.0,1.0,0.0,1.0,0.0,0.0,0.0,0.0,0.0,0.0,6.0,6.0,0.0,6.0,0.0,6.0,0.0,0.0,0.0,0.0,0.0,0.0,7.0,7.0,0.0,7.0,0.0,7.0,18.18,18.18,0.0,18.18,0.0,18.18,0.0,0.0,0.0,0.0,0.0,0.0,0.0,0.0,0.0,0.0,0.0,0.0,229.0,229.0,0.0,229.0,0.0,229.0,8.449671971791625,18.258066615716924,0.699419648686909,229,cubic,1,True,48
Nd,mp-123,endmember,60.0,60.0,0.0,60.0,0.0,60.0,19.0,19.0,0.0,19.0,0.0,19.0,144.242,144.242,0.0,144.242,0.0,144.242,1294.0,1294.0,0.0,1294.0,0.0,1294.0,3.0,3.0,0.0,3.0,0.0,3.0,6.0,6.0,0.0,6.0,0.0,6.0,201.0,201.0,0.0,201.0,0.0,201.0,1.14,1.14,0.0,1.14,0.0,1.14,2.0,2.0,0.0,2.0,0.0,2.0,0.0,0.0,0.0,0.0,0.0,0.0,0.0,0.0,0.0,0.0,0.0,0.0,4.0,4.0,0.0,4.0,0.0,4.0,6.0,6.0,0.0,6.0,0.0,6.0,0.0,0.0,0.0,0.0,0.0,0.0,0.0,0.0,0.0,0.0,0.0,0.0,0.0,0.0,0.0,0.0,0.0,0.0,10.0,10.0,0.0,10.0,0.0,10.0,10.0,10.0,0.0,10.0,0.0,10.0,34.81,34.81,0.0,34.81,0.0,34.81,0.0,0.0,0.0,0.0,0.0,0.0,0.0,0.0,0.0,0.0,0.0,0.0,194.0,194.0,0.0,194.0,0.0,194.0,6.75439847643831,35.46125938744741,0.7479105152641264,194,hexagonal,2,True,24
Ni,mp-23,endmember,28.0,28.0,0.0,28.0,0.0,28.0,61.0,61.0,0.0,61.0,0.0,61.0,58.6934,58.6934,0.0,58.6934,0.0,58.6934,1728.0,1728.0,0.0,1728.0,0.0,1728.0,10.0,10.0,0.0,10.0,0.0,10.0,4.0,4.0,0.0,4.0,0.0,4.0,124.0,124.0,0.0,124.0,0.0,124.0,1.91,1.91,0.0,1.91,0.0,1.91,2.0,2.0,0.0,2.0,0.0,2.0,0.0,0.0,0.0,0.0,0.0,0.0,8.0,8.0,0.0,8.0,0.0,8.0,0.0,0.0,0.0,0.0,0.0,0.0,10.0,10.0,0.0,10.0,0.0,10.0,0.0,0.0,0.0,0.0,0.0,0.0,0.0,0.0,0.0,0.0,0.0,0.0,2.0,2.0,0.0,2.0,0.0,2.0,0.0,0.0,0.0,0.0,0.0,0.0,2.0,2.0,0.0,2.0,0.0,2.0,10.32,10.32,0.0,10.32,0.0,10.32,0.0,0.0,0.0,0.0,0.0,0.0,0.5953947,0.5953947,0.0,0.5953947,0.0,0.5953947,225.0,225.0,0.0,225.0,0.0,225.0,9.289219866096774,10.492020341068946,0.9822697979111357,225,cubic,1,True,48
Os,mp-49,endmember,76.0,76.0,0.0,76.0,0.0,76.0,57.0,57.0,0.0,57.0,0.0,57.0,190.23,190.23,0.0,190.23,0.0,190.23,3306.0,3306.0,0.0,3306.0,0.0,3306.0,8.0,8.0,0.0,8.0,0.0,8.0,6.0,6.0,0.0,6.0,0.0,6.0,144.0,144.0,0.0,144.0,0.0,144.0,2.2,2.2,0.0,2.2,0.0,2.2,2.0,2.0,0.0,2.0,0.0,2.0,0.0,0.0,0.0,0.0,0.0,0.0,6.0,6.0,0.0,6.0,0.0,6.0,14.0,14.0,0.0,14.0,0.0,14.0,22.0,22.0,0.0,22.0,0.0,22.0,0.0,0.0,0.0,0.0,0.0,0.0,0.0,0.0,0.0,0.0,0.0,0.0,4.0,4.0,0.0,4.0,0.0,4.0,0.0,0.0,0.0,0.0,0.0,0.0,4.0,4.0,0.0,4.0,0.0,4.0,14.09,14.09,0.0,14.09,0.0,14.09,0.0,0.0,0.0,0.0,0.0,0.0,0.0,0.0,0.0,0.0,0.0,0.0,194.0,194.0,0.0,194.0,0.0,194.0,22.35969400314296,14.127400269263509,0.6514129920943665,194,hexagonal,2,True,24
Pb,mp-574275,endmember,3.0,82.0,79.0,18.047619047619047,24.36281179138322,3.0,1.0,81.0,80.0,16.238095238095237,24.671201814058957,1.0,6.941,207.2,200.259,45.08557142857143,61.75787755102041,6.941,453.69,600.61,146.92000000000002,481.67476190476197,45.30866213151931,453.69,1.0,14.0,13.0,3.4761904761904763,4.00907029478458,1.0,2.0,6.0,4.0,2.761904761904762,1.2335600907029478,2.0,128.0,146.0,18.0,131.42857142857142,5.551020408163258,128.0,0.98,2.33,1.35,1.237142857142857,0.4163265306122449,0.98,1.0,2.0,1.0,1.1904761904761905,0.30839002267573695,1.0,0.0,2.0,2.0,0.38095238095238093,0.6167800453514739,0.0,0.0,10.0,10.0,1.9047619047619047,3.0839002267573696,0.0,0.0,14.0,14.0,2.6666666666666665,4.317460317460318,0.0,1.0,28.0,27.0,6.142857142857143,8.326530612244898,1.0,0.0,1.0,1.0,0.8095238095238095,0.30839002267573695,1.0,0.0,4.0,4.0,0.7619047619047619,1.2335600907029478,0.0,0.0,0.0,0.0,0.0,0.0,0.0,0.0,0.0,0.0,0.0,0.0,0.0,1.0,4.0,3.0,1.5714285714285714,0.9251700680272108,1.0,16.5933333333,28.11,11.5166666667,18.78698412695714,3.5516250944925165,16.5933333333,0.0,0.0,0.0,0.0,0.0,0.0,0.0,0.0,0.0,0.0,0.0,0.0,225.0,229.0,4.0,228.23809523809524,1.2335600907029463,229.0,3.9612503913609043,18.899676971948615,0.7931779733883394,216,cubic,1,False,48
Pd,mp-1197547,endmember,3.0,46.0,43.0,12.052631578947368,14.293628808864264,3.0,1.0,62.0,61.0,13.842105263157896,20.27700831024931,1.0,6.941,106.42,99.479,27.88394736842105,33.06781163434903,6.941,453.69,1828.05,1374.36,743.028947368421,456.85096952908583,453.69,1.0,10.0,9.0,2.8947368421052633,2.9916897506925206,1.0,2.0,5.0,3.0,2.6315789473684212,0.9972299168975071,2.0,128.0,139.0,11.0,130.31578947368422,3.656509695290864,128.0,0.98,2.2,1.2200000000000002,1.236842105263158,0.40554016620498623,0.98,0.0,1.0,1.0,0.7894736842105263,0.33240997229916897,1.0,0.0,0.0,0.0,0.0,0.0,0.0,0.0,10.0,10.0,2.1052631578947367,3.32409972299169,0.0,0.0,0.0,0.0,0.0,0.0,0.0,1.0,10.0,9.0,2.8947368421052633,2.9916897506925206,1.0,0.0,1.0,1.0,0.7894736842105263,0.33240997229916897,1.0,0.0,0.0,0.0,0.0,0.0,0.0,0.0,0.0,0.0,0.0,0.0,0.0,0.0,0.0,0.0,0.0,0.0,0.0,0.0,1.0,1.0,0.7894736842105263,0.33240997229916897,1.0,14.41,16.5933333333,2.1833333332999985,16.133684210499997,0.7257617728421061,16.5933333333,0.0,0.0,0.0,0.0,0.0,0.0,0.0,0.0,0.0,0.0,0.0,0.0,225.0,229.0,4.0,228.1578947368421,1.3296398891966732,229.0,2.989455744777025,15.488566466276867,0.8071384033876813,220,cubic,1,False,24
Pr,mp-97,endmember,59.0,59.0,0.0,59.0,0.0,59.0,17.0,17.0,0.0,17.0,0.0,17.0,140.90765,140.90765,0.0,140.90765,0.0,140.90765,1204.0,1204.0,0.0,1204.0,0.0,1204.0,3.0,3.0,0.0,3.0,0.0,3.0,6.0,6.0,0.0,6.0,0.0,6.0,203.0,203.0,0.0,203.0,0.0,203.0,1.13,1.13,0.0,1.13,0.0,1.13,2.0,2.0,0.0,2.0,0.0,2.0,0.0,0.0,0.0,0.0,0.0,0.0,0.0,0.0,0.0,0.0,0.0,0.0,3.0,3.0,0.0,3.0,0.0,3.0,5.0,5.0,0.0,5.0,0.0,5.0,0.0,0.0,0.0,0.0,0.0,0.0,0.0,0.0,0.0,0.0,0.0,0.0,0.0,0.0,0.0,0.0,0.0,0.0,11.0,11.0,0.0,11.0,0.0,11.0,11.0,11.0,0.0,11.0,0.0,11.0,35.675,35.675,0.0,35.675,0.0,35.675,0.0,0.0,0.0,0.0,0.0,0.0,0.0,0.0,0.0,0.0,0.0,0.0,194.0,194.0,0.0,194.0,0.0,194.0,6.276136276343673,37.281322079739454,0.7113977536433438,152,trigonal,3,False,6
Pt,mp-2170,endmember,3.0,78.0,75.0,28.0,33.333333333333336,3.0,1.0,63.0,62.0,21.666666666666668,27.555555555555554,1.0,6.941,195.084,188.143,69.65533333333333,83.61911111111111,6.941,453.69,2041.4,1587.71,982.9266666666667,705.6488888888889,453.69,1.0,10.0,9.0,4.0,4.0,1.0,2.0,6.0,4.0,3.3333333333333335,1.777777777777778,2.0,128.0,136.0,8.0,130.66666666666666,3.5555555555555522,128.0,0.98,2.28,1.2999999999999998,1.4133333333333333,0.5777777777777777,0.98,1.0,1.0,0.0,1.0,0.0,1.0,0.0,0.0,0.0,0.0,0.0,0.0,0.0,9.0,9.0,3.0,4.0,0.0,0.0,14.0,14.0,4.666666666666667,6.222222222222221,0.0,1.0,24.0,23.0,8.666666666666666,10.222222222222221,1.0,1.0,1.0,0.0,1.0,0.0,1.0,0.0,0.0,0.0,0.0,0.0,0.0,0.0,1.0,1.0,0.3333333333333333,0.4444444444444445,0.0,0.0,0.0,0.0,0.0,0.0,0.0,1.0,2.0,1.0,1.3333333333333333,0.4444444444444444,1.0,15.02,16.5933333333,1.573333333299999,16.068888888866667,0.6992592592444437,16.5933333333,0.0,0.0,0.0,0.0,0.0,0.0,0.0,0.0,0.0,0.0,0.0,0.0,225.0,229.0,4.0,227.66666666666666,1.777777777777781,229.0,8.710751859323272,13.27846369941612,0.8998555000458213,191,hexagonal,2,True,24
Re,mp-8,endmember,75.0,75.0,0.0,75.0,0.0,75.0,54.0,54.0,0.0,54.0,0.0,54.0,186.207,186.207,0.0,186.207,0.0,186.207,3459.0,3459.0,0.0,3459.0,0.0,3459.0,7.0,7.0,0.0,7.0,0.0,7.0,6.0,6.0,0.0,6.0,0.0,6.0,151.0,151.0,0.0,151.0,0.0,151.0,1.9,1.9,0.0,1.9,0.0,1.9,2.0,2.0,0.0,2.0,0.0,2.0,0.0,0.0,0.0,0.0,0.0,0.0,5.0,5.0,0.0,5.0,0.0,5.0,14.0,14.0,0.0,14.0,0.0,14.0,21.0,21.0,0.0,21.0,0.0,21.0,0.0,0.0,0.0,0.0,0.0,0.0,0.0,0.0,0.0,0.0,0.0,0.0,5.0,5.0,0.0,5.0,0.0,5.0,0.0,0.0,0.0,0.0,0.0,0.0,5.0,5.0,0.0,5.0,0.0,5.0,14.655,14.655,0.0,14.655,0.0,14.655,0.0,0.0,0.0,0.0,0.0,0.0,0.0,0.0,0.0,0.0,0.0,0.0,194.0,194.0,0.0,194.0,0.0,194.0,20.873419048538693,14.813289460982347,0.6957262751968039,194,hexagonal,2,True,24
Rh,mp-600561,endmember,3.0,45.0,42.0,24.0,21.0,3.0,1.0,59.0,58.0,30.0,29.0,1.0,6.941,102.9055,95.9645,54.92325,47.98225,6.941,453.69,2237.0,1783.31,1345.345,891.655,453.69,1.0,9.0,8.0,5.0,4.0,1.0,2.0,5.0,3.0,3.5,1.5,2.0,128.0,142.0,14.0,135.0,7.0,128.0,0.98,2.28,1.2999999999999998,1.63,0.6499999999999999,0.98,1.0,1.0,0.0,1.0,0.0,1.0,0.0,0.0,0.0,0.0,0.0,0.0,0.0,8.0,8.0,4.0,4.0,0.0,0.0,0.0,0.0,0.0,0.0,0.0,1.0,9.0,8.0,5.0,4.0,1.0,1.0,1.0,0.0,1.0,0.0,1.0,0.0,0.0,0.0,0.0,0.0,0.0,0.0,2.0,2.0,1.0,1.0,0.0,0.0,0.0,0.0,0.0,0.0,0.0,1.0,3.0,2.0,2.0,1.0,1.0,13.64,16.5933333333,2.953333333299998,15.11666666665,1.476666666649999,13.64,0.0,0.0,0.0,0.0,0.0,0.0,0.0,0.0,0.0,0.0,0.0,0.0,225.0,229.0,4.0,227.0,2.0,225.0,6.9200978525877295,13.17932265697021,0.87546400671676,187,hexagonal,2,False,12
Ru,mp-33,endmember,44.0,44.0,0.0,44.0,0.0,44.0,56.0,56.0,0.0,56.0,0.0,56.0,101.07,101.07,0.0,101.07,0.0,101.07,2607.0,2607.0,0.0,2607.0,0.0,2607.0,8.0,8.0,0.0,8.0,0.0,8.0,5.0,5.0,0.0,5.0,0.0,5.0,146.0,146.0,0.0,146.0,0.0,146.0,2.2,2.2,0.0,2.2,0.0,2.2,1.0,1.0,0.0,1.0,0.0,1.0,0.0,0.0,0.0,0.0,0.0,0.0,7.0,7.0,0.0,7.0,0.0,7.0,0.0,0.0,0.0,0.0,0.0,0.0,8.0,8.0,0.0,8.0,0.0,8.0,1.0,1.0,0.0,1.0,0.0,1.0,0.0,0.0,0.0,0.0,0.0,0.0,3.0,3.0,0.0,3.0,0.0,3.0,0.0,0.0,0.0,0.0,0.0,0.0,4.0,4.0,0.0,4.0,0.0,4.0,13.51,13.51,0.0,13.51,0.0,13.51,0.0,0.0,0.0,0.0,0.0,0.0,0.0,0.0,0.0,0.0,0.0,0.0,194.0,194.0,0.0,194.0,0.0,194.0,12.384952667667424,13.551176835248535,0.6791123894109318,194,hexagonal,2,True,24
Sb,mp-7955,endmember,3.0,51.0,48.0,15.0,18.0,3.0,1.0,85.0,84.0,22.0,31.5,1.0,6.941,121.76,114.819,35.64575,43.057125,6.941,453.69,903.78,450.09,566.2125,168.78375,453.69,1.0,15.0,14.0,4.5,5.25,1.0,2.0,5.0,3.0,2.75,1.125,2.0,128.0,139.0,11.0,130.75,4.125,128.0,0.98,2.05,1.0699999999999998,1.2475,0.40125,0.98,1.0,2.0,1.0,1.25,0.375,1.0,0.0,3.0,3.0,0.75,1.125,0.0,0.0,10.0,10.0,2.5,3.75,0.0,0.0,0.0,0.0,0.0,0.0,0.0,1.0,15.0,14.0,4.5,5.25,1.0,0.0,1.0,1.0,0.75,0.375,1.0,0.0,3.0,3.0,0.75,1.125,0.0,0.0,0.0,0.0,0.0,0.0,0.0,0.0,0.0,0.0,0.0,0.0,0.0,1.0,3.0,2.0,1.5,0.75,1.0,16.5933333333,31.56,14.9666666667,20.334999999975,5.612500000012501,16.5933333333,0.0,0.0,0.0,0.0,0.0,0.0,0.0,0.0,0.0,0.0,0.0,0.0,166.0,229.0,63.0,213.25,23.625,229.0,3.016532153749956,19.622254131245537,0.6507942692339559,194,hexagonal,2,True,24
Sc,mp-67,endmember,21.0,21.0,0.0,21.0,0.0,21.0,11.0,11.0,0.0,11.0,0.0,11.0,44.955912,44.955912,0.0,44.955912,0.0,44.955912,1814.0,1814.0,0.0,1814.0,0.0,1814.0,3.0,3.0,0.0,3.0,0.0,3.0,4.0,4.0,0.0,4.0,0.0,4.0,170.0,170.0,0.0,170.0,0.0,170.0,1.36,1.36,0.0,1.36,0.0,1.36,2.0,2.0,0.0,2.0,0.0,2.0,0.0,0.0,0.0,0.0,0.0,0.0,1.0,1.0,0.0,1.0,0.0,1.0,0.0,0.0,0.0,0.0,0.0,0.0,3.0,3.0,0.0,3.0,0.0,3.0,0.0,0.0,0.0,0.0,0.0,0.0,0.0,0.0,0.0,0.0,0.0,0.0,9.0,9.0,0.0,9.0,0.0,9.0,0.0,0.0,0.0,0.0,0.0,0.0,9.0,9.0,0.0,9.0,0.0,9.0,22.235,22.235,0.0,22.235,0.0,22.235,0.0,0.0,0.0,0.0,0.0,0.0,6.35e-06,6.35e-06,0.0,6.35e-06,0.0,6.35e-06,194.0,194.0,0.0,194.0,0.0,194.0,2.9845810423710106,25.012236958935166,0.6859556267187822,194,hexagonal,2,True,24
Se,mp-2286,endmember,3.0,34.0,31.0,13.333333333333334,13.777777777777777,3.0,1.0,89.0,88.0,30.333333333333332,39.111111111111114,1.0,6.941,78.96,72.01899999999999,30.947333333333333,32.00844444444444,6.941,453.69,494.0,40.31,467.1266666666667,17.915555555555574,453.69,1.0,16.0,15.0,6.0,6.666666666666667,1.0,2.0,4.0,2.0,2.6666666666666665,0.8888888888888888,2.0,120.0,128.0,8.0,125.33333333333333,3.555555555555557,128.0,0.98,2.55,1.5699999999999998,1.5033333333333332,0.6977777777777776,0.98,1.0,2.0,1.0,1.3333333333333333,0.4444444444444444,1.0,0.0,4.0,4.0,1.3333333333333333,1.777777777777778,0.0,0.0,10.0,10.0,3.3333333333333335,4.444444444444444,0.0,0.0,0.0,0.0,0.0,0.0,0.0,1.0,16.0,15.0,6.0,6.666666666666667,1.0,0.0,1.0,1.0,0.6666666666666666,0.4444444444444445,1.0,0.0,2.0,2.0,0.6666666666666666,0.888888888888889,0.0,0.0,0.0,0.0,0.0,0.0,0.0,0.0,0.0,0.0,0.0,0.0,0.0,1.0,2.0,1.0,1.3333333333333333,0.4444444444444444,1.0,16.5933333333,25.92,9.326666666700003,19.7022222222,4.145185185200002,16.5933333333,0.0,0.799,0.799,0.26633333333333337,0.3551111111111111,0.0,0.0,0.0,0.0,0.0,0.0,0.0,14.0,229.0,215.0,157.33333333333334,95.55555555555554,229.0,2.924458281489375,17.572230865512147,0.6053249133640622,225,cubic,1,True,48
Si,mp-149,endmember,14.0,14.0,0.0,14.0,0.0,14.0,78.0,78.0,0.0,78.0,0.0,78.0,28.0855,28.0855,0.0,28.0855,0.0,28.0855,1687.0,1687.0,0.0,1687.0,0.0,1687.0,14.0,14.0,0.0,14.0,0.0,14.0,3.0,3.0,0.0,3.0,0.0,3.0,111.0,111.0,0.0,111.0,0.0,111.0,1.9,1.9,0.0,1.9,0.0,1.9,2.0,2.0,0.0,2.0,0.0,2.0,2.0,2.0,0.0,2.0,0.0,2.0,0.0,0.0,0.0,0.0,0.0,0.0,0.0,0.0,0.0,0.0,0.0,0.0,4.0,4.0,0.0,4.0,0.0,4.0,0.0,0.0,0.0,0.0,0.0,0.0,4.0,4.0,0.0,4.0,0.0,4.0,0.0,0.0,0.0,0.0,0.0,0.0,0.0,0.0,0.0,0.0,0.0,0.0,4.0,4.0,0.0,4.0,0.0,4.0,20.44,20.44,0.0,20.44,0.0,20.44,0.773,0.773,0.0,0.773,0.0,0.773,0.0,0.0,0.0,0.0,0.0,0.0,227.0,227.0,0.0,227.0,0.0,227.0,2.3128002565764314,20.164763423707026,0.276486247094574,227,cubic,1,True,48
Sm,mp-69,endmember,62.0,62.0,0.0,62.0,0.0,62.0,23.0,23.0,0.0,23.0,0.0,23.0,150.36,150.36,0.0,150.36,0.0,150.36,1345.0,1345.0,0.0,1345.0,0.0,1345.0,3.0,3.0,0.0,3.0,0.0,3.0,6.0,6.0,0.0,6.0,0.0,6.0,198.0,198.0,0.0,198.0,0.0,198.0,1.17,1.17,0.0,1.17,0.0,1.17,2.0,2.0,0.0,2.0,0.0,2.0,0.0,0.0,0.0,0.0,0.0,0.0,0.0,0.0,0.0,0.0,0.0,0.0,6.0,6.0,0.0,6.0,0.0,6.0,8.0,8.0,0.0,8.0,0.0,8.0,0.0,0.0,0.0,0.0,0.0,0.0,0.0,0.0,0.0,0.0,0.0,0.0,0.0,0.0,0.0,0.0,0.0,0.0,8.0,8.0,0.0,8.0,0.0,8.0,8.0,8.0,0.0,8.0,0.0,8.0,33.23,33.23,0.0,33.23,0.0,33.23,0.0,0.0,0.0,0.0,0.0,0.0,0.0,0.0,0.0,0.0,0.0,0.0,166.0,166.0,0.0,166.0,0.0,166.0,7.3865179596065,33.80194237233158,0.7846249925001343,194,hexagonal,2,True,24
Sn,mp-573471,endmember,3.0,50.0,47.0,11.952380952380953,14.494331065759637,3.0,1.0,80.0,79.0,16.047619047619047,24.36281179138322,1.0,6.941,118.71,111.76899999999999,28.230333333333334,34.468444444444444,6.941,453.69,505.08,51.389999999999986,463.47857142857146,15.848163265306138,453.69,1.0,14.0,13.0,3.4761904761904763,4.00907029478458,1.0,2.0,5.0,3.0,2.5714285714285716,0.9251700680272111,2.0,128.0,139.0,11.0,130.0952380952381,3.3922902494331106,128.0,0.98,1.96,0.98,1.1666666666666667,0.3022222222222223,0.98,1.0,2.0,1.0,1.1904761904761905,0.30839002267573695,1.0,0.0,2.0,2.0,0.38095238095238093,0.6167800453514739,0.0,0.0,10.0,10.0,1.9047619047619047,3.0839002267573696,0.0,0.0,0.0,0.0,0.0,0.0,0.0,1.0,14.0,13.0,3.4761904761904763,4.00907029478458,1.0,0.0,1.0,1.0,0.8095238095238095,0.30839002267573695,1.0,0.0,4.0,4.0,0.7619047619047619,1.2335600907029478,0.0,0.0,0.0,0.0,0.0,0.0,0.0,0.0,0.0,0.0,0.0,0.0,0.0,1.0,4.0,3.0,1.5714285714285714,0.9251700680272108,1.0,16.5933333333,33.285,16.691666666699998,19.772698412671424,5.147543461839454,16.5933333333,0.0,0.0,0.0,0.0,0.0,0.0,0.0,0.0,0.0,0.0,0.0,0.0,141.0,229.0,88.0,212.23809523809524,27.13832199546485,229.0,2.5895488526977197,18.102601686698755,0.705426256351315,216,cubic,1,False,48
Ta,mp-569794,endmember,73.0,73.0,0.0,73.0,0.0,73.0,48.0,48.0,0.0,48.0,0.0,48.0,180.94788,180.94788,0.0,180.94788,0.0,180.94788,3290.0,3290.0,0.0,3290.0,0.0,3290.0,5.0,5.0,0.0,5.0,0.0,5.0,6.0,6.0,0.0,6.0,0.0,6.0,170.0,170.0,0.0,170.0,0.0,170.0,1.5,1.5,0.0,1.5,0.0,1.5,2.0,2.0,0.0,2.0,0.0,2.0,0.0,0.0,0.0,0.0,0.0,0.0,3.0,3.0,0.0,3.0,0.0,3.0,14.0,14.0,0.0,14.0,0.0,14.0,19.0,19.0,0.0,19.0,0.0,19.0,0.0,0.0,0.0,0.0,0.0,0.0,0.0,0.0,0.0,0.0,0.0,0.0,7.0,7.0,0.0,7.0,0.0,7.0,0.0,0.0,0.0,0.0,0.0,0.0,7.0,7.0,0.0,7.0,0.0,7.0,18.12,18.12,0.0,18.12,0.0,18.12,0.0,0.0,0.0,0.0,0.0,0.0,0.0,0.0,0.0,0.0,0.0,0.0,229.0,229.0,0.0,229.0,0.0,229.0,16.260109686060726,18.47902812339772,0.6910563939181287,136,tetragonal,4,True,32
Ti,mp-72,endmember,22.0,22.0,0.0,22.0,0.0,22.0,43.0,43.0,0.0,43.0,0.0,43.0,47.867,47.867,0.0,47.867,0.0,47.867,1941.0,1941.0,0.0,1941.0,0.0,1941.0,4.0,4.0,0.0,4.0,0.0,4.0,4.0,4.0,0.0,4.0,0.0,4.0,160.0,160.0,0.0,160.0,0.0,160.0,1.54,1.54,0.0,1.54,0.0,1.54,2.0,2.0,0.0,2.0,0.0,2.0,0.0,0.0,0.0,0.0,0.0,0.0,2.0,2.0,0.0,2.0,0.0,2.0,0.0,0.0,0.0,0.0,0.0,0.0,4.0,4.0,0.0,4.0,0.0,4.0,0.0,0.0,0.0,0.0,0.0,0.0,0.0,0.0,0.0,0.0,0.0,0.0,8.0,8.0,0.0,8.0,0.0,8.0,0.0,0.0,0.0,0.0,0.0,0.0,8.0,8.0,0.0,8.0,0.0,8.0,16.69,16.69,0.0,16.69,0.0,16.69,0.0,0.0,0.0,0.0,0.0,0.0,2.25333333333e-05,2.25333333333e-05,0.0,2.25333333333e-05,0.0,2.25333333333e-05,194.0,194.0,0.0,194.0,0.0,194.0,4.670172253933062,17.01971989257013,0.6753366327110658,191,hexagonal,2,True,24
Tl,mp-7396,endmember,3.0,81.0,78.0,22.5,29.25,3.0,1.0,76.0,75.0,19.75,28.125,1.0,6.941,204.3833,197.4423,56.301575,74.0408625,6.941,453.69,577.0,123.31,484.5175,46.241249999999994,453.69,1.0,13.0,12.0,4.0,4.5,1.0,2.0,6.0,4.0,3.0,1.5,2.0,128.0,145.0,17.0,132.25,6.375,128.0,0.98,1.62,0.6400000000000001,1.1400000000000001,0.2400000000000001,0.98,1.0,2.0,1.0,1.25,0.375,1.0,0.0,1.0,1.0,0.25,0.375,0.0,0.0,10.0,10.0,2.5,3.75,0.0,0.0,14.0,14.0,3.5,5.25,0.0,1.0,27.0,26.0,7.5,9.75,1.0,0.0,1.0,1.0,0.75,0.375,1.0,0.0,5.0,5.0,1.25,1.875,0.0,0.0,0.0,0.0,0.0,0.0,0.0,0.0,0.0,0.0,0.0,0.0,0.0,1.0,5.0,4.0,2.0,1.5,1.0,16.5933333333,26.91,10.316666666700002,19.172499999975,3.8687500000125006,16.5933333333,0.0,0.0,0.0,0.0,0.0,0.0,0.0,0.0,0.0,0.0,0.0,0.0,194.0,229.0,35.0,220.25,13.125,229.0,5.165667306999388,18.098526167674585,0.9260569480592745,225,cubic,1,True,48
V,mp-146,endmember,23.0,23.0,0.0,23.0,0.0,23.0,46.0,46.0,0.0,46.0,0.0,46.0,50.9415,50.9415,0.0,50.9415,0.0,50.9415,2183.0,2183.0,0.0,2183.0,0.0,2183.0,5.0,5.0,0.0,5.0,0.0,5.0,4.0,4.0,0.0,4.0,0.0,4.0,153.0,153.0,0.0,153.0,0.0,153.0,1.63,1.63,0.0,1.63,0.0,1.63,2.0,2.0,0.0,2.0,0.0,2.0,0.0,0.0,0.0,0.0,0.0,0.0,3.0,3.0,0.0,3.0,0.0,3.0,0.0,0.0,0.0,0.0,0.0,0.0,5.0,5.0,0.0,5.0,0.0,5.0,0.0,0.0,0.0,0.0,0.0,0.0,0.0,0.0,0.0,0.0,0.0,0.0,7.0,7.0,0.0,7.0,0.0,7.0,0.0,0.0,0.0,0.0,0.0,0.0,7.0,7.0,0.0,7.0,0.0,7.0,13.01,13.01,0.0,13.01,0.0,13.01,0.0,0.0,0.0,0.0,0.0,0.0,0.0,0.0,0.0,0.0,0.0,0.0,229.0,229.0,0.0,229.0,0.0,229.0,6.37754471203338,13.263780153478194,0.7770028288201649,229,cubic,1,True,48
W,mp-91,endmember,74.0,74.0,0.0,74.0,0.0,74.0,51.0,51.0,0.0,51.0,0.0,51.0,183.84,183.84,0.0,183.84,0.0,183.84,3695.0,3695.0,0.0,3695.0,0.0,3695.0,6.0,6.0,0.0,6.0,0.0,6.0,6.0,6.0,0.0,6.0,0.0,6.0,162.0,162.0,0.0,162.0,0.0,162.0,2.36,2.36,0.0,2.36,0.0,2.36,2.0,2.0,0.0,2.0,0.0,2.0,0.0,0.0,0.0,0.0,0.0,0.0,4.0,4.0,0.0,4.0,0.0,4.0,14.0,14.0,0.0,14.0,0.0,14.0,20.0,20.0,0.0,20.0,0.0,20.0,0.0,0.0,0.0,0.0,0.0,0.0,0.0,0.0,0.0,0.0,0.0,0.0,6.0,6.0,0.0,6.0,0.0,6.0,0.0,0.0,0.0,0.0,0.0,0.0,6.0,6.0,0.0,6.0,0.0,6.0,16.05,16.05,0.0,16.05,0.0,16.05,0.0,0.0,0.0,0.0,0.0,0.0,0.0,0.0,0.0,0.0,0.0,0.0,229.0,229.0,0.0,229.0,0.0,229.0,19.160711346464403,15.932263521447117,0.6468631833906066,229,cubic,1,True,48
Y,mp-112,endmember,39.0,39.0,0.0,39.0,0.0,39.0,12.0,12.0,0.0,12.0,0.0,12.0,88.90585,88.90585,0.0,88.90585,0.0,88.90585,1799.0,1799.0,0.0,1799.0,0.0,1799.0,3.0,3.0,0.0,3.0,0.0,3.0,5.0,5.0,0.0,5.0,0.0,5.0,190.0,190.0,0.0,190.0,0.0,190.0,1.22,1.22,0.0,1.22,0.0,1.22,2.0,2.0,0.0,2.0,0.0,2.0,0.0,0.0,0.0,0.0,0.0,0.0,1.0,1.0,0.0,1.0,0.0,1.0,0.0,0.0,0.0,0.0,0.0,0.0,3.0,3.0,0.0,3.0,0.0,3.0,0.0,0.0,0.0,0.0,0.0,0.0,0.0,0.0,0.0,0.0,0.0,0.0,9.0,9.0,0.0,9.0,0.0,9.0,0.0,0.0,0.0,0.0,0.0,0.0,9.0,9.0,0.0,9.0,0.0,9.0,32.365,32.365,0.0,32.365,0.0,32.365,0.0,0.0,0.0,0.0,0.0,0.0,0.0,0.0,0.0,0.0,0.0,0.0,194.0,194.0,0.0,194.0,0.0,194.0,4.370668912132135,33.77781304155621,0.7232269432085394,194,hexagonal,2,True,24
Zn,mp-1934,endmember,3.0,30.0,27.0,16.5,13.5,3.0,1.0,69.0,68.0,35.0,34.0,1.0,6.941,65.38,58.43899999999999,36.1605,29.219499999999996,6.941,453.69,692.68,238.98999999999995,573.185,119.49499999999998,453.69,1.0,12.0,11.0,6.5,5.5,1.0,2.0,4.0,2.0,3.0,1.0,2.0,122.0,128.0,6.0,125.0,3.0,122.0,0.98,1.65,0.6699999999999999,1.315,0.33499999999999996,0.98,1.0,2.0,1.0,1.5,0.5,1.0,0.0,0.0,0.0,0.0,0.0,0.0,0.0,10.0,10.0,5.0,5.0,0.0,0.0,0.0,0.0,0.0,0.0,0.0,1.0,12.0,11.0,6.5,5.5,1.0,0.0,1.0,1.0,0.5,0.5,0.0,0.0,0.0,0.0,0.0,0.0,0.0,0.0,0.0,0.0,0.0,0.0,0.0,0.0,0.0,0.0,0.0,0.0,0.0,0.0,1.0,1.0,0.5,0.5,0.0,13.96,16.5933333333,2.6333333332999977,15.27666666665,1.3166666666499989,13.96,0.0,0.0,0.0,0.0,0.0,0.0,0.0,0.0,0.0,0.0,0.0,0.0,194.0,229.0,35.0,211.5,17.5,194.0,4.3109824680118045,13.934178870805024,0.8280374987333233,227,cubic,1,True,48
Zr,mp-131,endmember,40.0,40.0,0.0,40.0,0.0,40.0,44.0,44.0,0.0,44.0,0.0,44.0,91.224,91.224,0.0,91.224,0.0,91.224,2128.0,2128.0,0.0,2128.0,0.0,2128.0,4.0,4.0,0.0,4.0,0.0,4.0,5.0,5.0,0.0,5.0,0.0,5.0,175.0,175.0,0.0,175.0,0.0,175.0,1.33,1.33,0.0,1.33,0.0,1.33,2.0,2.0,0.0,2.0,0.0,2.0,0.0,0.0,0.0,0.0,0.0,0.0,2.0,2.0,0.0,2.0,0.0,2.0,0.0,0.0,0.0,0.0,0.0,0.0,4.0,4.0,0.0,4.0,0.0,4.0,0.0,0.0,0.0,0.0,0.0,0.0,0.0,0.0,0.0,0.0,0.0,0.0,8.0,8.0,0.0,8.0,0.0,8.0,0.0,0.0,0.0,0.0,0.0,0.0,8.0,8.0,0.0,8.0,0.0,8.0,23.195,23.195,0.0,23.195,0.0,23.195,0.0,0.0,0.0,0.0,0.0,0.0,0.0,0.0,0.0,0.0,0.0,0.0,194.0,194.0,0.0,194.0,0.0,194.0,6.446094098816202,23.499659437329175,0.6637769013397139,194,hexagonal,2,True,24
