element,material_id,role,MagpieData minimum Number,MagpieData maximum Number,MagpieData range Number,MagpieData mean Number,MagpieData avg_dev Number,MagpieData mode Number,MagpieData minimum MendeleevNumber,MagpieData maximum MendeleevNumber,MagpieData range MendeleevNumber,MagpieData mean MendeleevNumber,MagpieData avg_dev MendeleevNumber,MagpieData mode MendeleevNumber,MagpieData minimum AtomicWeight,MagpieData maximum AtomicWeight,MagpieData range AtomicWeight,MagpieData mean AtomicWeight,MagpieData avg_dev AtomicWeight,MagpieData mode AtomicWeight,MagpieData minimum MeltingT,MagpieData maximum MeltingT,MagpieData range MeltingT,MagpieData mean MeltingT,MagpieData avg_dev MeltingT,MagpieData mode MeltingT,MagpieData minimum Column,MagpieData maximum Column,MagpieData range Column,MagpieData mean Column,MagpieData avg_dev Column,MagpieData mode Column,MagpieData minimum Row,MagpieData maximum Row,MagpieData range Row,MagpieData mean Row,MagpieData avg_dev Row,MagpieData mode Row,MagpieData minimum CovalentRadius,MagpieData maximum CovalentRadius,MagpieData range CovalentRadius,MagpieData mean CovalentRadius,MagpieData avg_dev CovalentRadius,MagpieData mode CovalentRadius,MagpieData minimum Electronegativity,MagpieData maximum Electronegativity,MagpieData range Electronegativity,MagpieData mean Electronegativity,MagpieData avg_dev Electronegativity,MagpieData mode Electronegativity,MagpieData minimum NsValence,MagpieData maximum NsValence,MagpieData range NsValence,MagpieData mean NsValence,MagpieData avg_dev NsValence,MagpieData mode NsValence,MagpieData minimum NpValence,MagpieData maximum NpValence,MagpieData range NpValence,MagpieData mean NpValence,MagpieData avg_dev NpValence,MagpieData mode NpValence,MagpieData minimum NdValence,MagpieData maximum NdValence,MagpieData range NdValence,MagpieData mean NdValence,MagpieData avg_dev NdValence,MagpieData mode NdValence,MagpieData minimum NfValence,MagpieData maximum NfValence,MagpieData range NfValence,MagpieData mean NfValence,MagpieData avg_dev NfValence,MagpieData mode NfValence,MagpieData minimum NValence,MagpieData maximum NValence,MagpieData range NValence,MagpieData mean NValence,MagpieData avg_dev NValence,MagpieData mode NValence,MagpieData minimum NsUnfilled,MagpieData maximum NsUnfilled,MagpieData range NsUnfilled,MagpieData mean NsUnfilled,MagpieData avg_dev NsUnfilled,MagpieData mode NsUnfilled,MagpieData minimum NpUnfilled,MagpieData maximum NpUnfilled,MagpieData range NpUnfilled,MagpieData mean NpUnfilled,MagpieData avg_dev NpUnfilled,MagpieData mode NpUnfilled,MagpieData minimum NdUnfilled,MagpieData maximum NdUnfilled,MagpieData range NdUnfilled,MagpieData mean NdUnfilled,MagpieData avg_dev NdUnfilled,MagpieData mode NdUnfilled,MagpieData minimum NfUnfilled,MagpieData maximum NfUnfilled,MagpieData range NfUnfilled,MagpieData mean NfUnfilled,MagpieData avg_dev NfUnfilled,MagpieData mode NfUnfilled,MagpieData minimum NUnfilled,MagpieData maximum NUnfilled,MagpieData range NUnfilled,MagpieData mean NUnfilled,MagpieData avg_dev NUnfilled,MagpieData mode NUnfilled,MagpieData minimum GSvolume_pa,MagpieData maximum GSvolume_pa,MagpieData range GSvolume_pa,MagpieData mean GSvolume_pa,MagpieData avg_dev GSvolume_pa,MagpieData mode GSvolume_pa,MagpieData minimum GSbandgap,MagpieData maximum GSbandgap,MagpieData range GSbandgap,MagpieData mean GSbandgap,MagpieData avg_dev GSbandgap,MagpieData mode GSbandgap,MagpieData minimum GSmagmom,MagpieData maximum GSmagmom,MagpieData range GSmagmom,MagpieData mean GSmagmom,MagpieData avg_dev GSmagmom,MagpieData mode GSmagmom,MagpieData minimum SpaceGroupNumber,MagpieData maximum SpaceGroupNumber,MagpieData range SpaceGroupNumber,MagpieData mean SpaceGroupNumber,MagpieData avg_dev SpaceGroupNumber,MagpieData mode SpaceGroupNumber,density,vpa,packing fraction,spacegroup_num,crystal_system,crystal_system_int,is_centrosymmetric,n_symmetry_ops
Li,mp-51,host,3.0,3.0,0.0,3.0,0.0,3.0,1.0,1.0,0.0,1.0,0.0,1.0,6.941,6.941,0.0,6.941,0.0,6.941,453.69,453.69,0.0,453.69,0.0,453.69,1.0,1.0,0.0,1.0,0.0,1.0,2.0,2.0,0.0,2.0,0.0,2.0,128.0,128.0,0.0,128.0,0.0,128.0,0.98,0.98,0.0,0.98,0.0,0.98,1.0,1.0,0.0,1.0,0.0,1.0,0.0,0.0,0.0,0.0,0.0,0.0,0.0,0.0,0.0,0.0,0.0,0.0,0.0,0.0,0.0,0.0,0.0,0.0,1.0,1.0,0.0,1.0,0.0,1.0,1.0,1.0,0.0,1.0,0.0,1.0,0.0,0.0,0.0,0.0,0.0,0.0,0.0,0.0,0.0,0.0,0.0,0.0,0.0,0.0,0.0,0.0,0.0,0.0,1.0,1.0,0.0,1.0,0.0,1.0,16.5933333333,16.5933333333,0.0,16.5933333333,0.0,16.5933333333,0.0,0.0,0.0,0.0,0.0,0.0,0.0,0.0,0.0,0.0,0.0,0.0,229.0,229.0,0.0,229.0,0.0,229.0,0.5664547506799501,20.347259270998425,0.6276054365842016,225,cubic,1,True,48
Ag,mp-124,dopant,47.0,47.0,0.0,47.0,0.0,47.0,65.0,65.0,0.0,65.0,0.0,65.0,107.8682,107.8682,0.0,107.8682,0.0,107.8682,1234.93,1234.93,0.0,1234.93,0.0,1234.93,11.0,11.0,0.0,11.0,0.0,11.0,5.0,5.0,0.0,5.0,0.0,5.0,145.0,145.0,0.0,145.0,0.0,145.0,1.93,1.93,0.0,1.93,0.0,1.93,1.0,1.0,0.0,1.0,0.0,1.0,0.0,0.0,0.0,0.0,0.0,0.0,10.0,10.0,0.0,10.0,0.0,10.0,0.0,0.0,0.0,0.0,0.0,0.0,11.0,11.0,0.0,11.0,0.0,11.0,1.0,1.0,0.0,1.0,0.0,1.0,0.0,0.0,0.0,0.0,0.0,0.0,0.0,0.0,0.0,0.0,0.0,0.0,0.0,0.0,0.0,0.0,0.0,0.0,1.0,1.0,0.0,1.0,0.0,1.0,16.33,16.33,0.0,16.33,0.0,16.33,0.0,0.0,0.0,0.0,0.0,0.0,0.0,0.0,0.0,0.0,0.0,0.0,225.0,225.0,0.0,225.0,0.0,225.0,10.362566650857447,17.28523120082949,0.9925979282233558,225,cubic,1,True,48
Au,mp-81,dopant,79.0,79.0,0.0,79.0,0.0,79.0,66.0,66.0,0.0,66.0,0.0,66.0,196.966569,196.966569,0.0,196.966569,0.0,196.966569,1337.33,1337.33,0.0,1337.33,0.0,1337.33,11.0,11.0,0.0,11.0,0.0,11.0,6.0,6.0,0.0,6.0,0.0,6.0,136.0,136.0,0.0,136.0,0.0,136.0,2.54,2.54,0.0,2.54,0.0,2.54,1.0,1.0,0.0,1.0,0.0,1.0,0.0,0.0,0.0,0.0,0.0,0.0,10.0,10.0,0.0,10.0,0.0,10.0,14.0,14.0,0.0,14.0,0.0,14.0,25.0,25.0,0.0,25.0,0.0,25.0,1.0,1.0,0.0,1.0,0.0,1.0,0.0,0.0,0.0,0.0,0.0,0.0,0.0,0.0,0.0,0.0,0.0,0.0,0.0,0.0,0.0,0.0,0.0,0.0,1.0,1.0,0.0,1.0,0.0,1.0,16.7,16.7,0.0,16.7,0.0,16.7,0.0,0.0,0.0,0.0,0.0,0.0,0.0,0.0,0.0,0.0,0.0,0.0,225.0,225.0,0.0,225.0,0.0,225.0,18.02564920807207,18.14473805188449,0.5679880674293311,225,cubic,1,True,48
Bi,mp-23152,dopant,83.0,83.0,0.0,83.0,0.0,83.0,86.0,86.0,0.0,86.0,0.0,86.0,208.9804,208.9804,0.0,208.9804,0.0,208.9804,544.4,544.4,0.0,544.4,0.0,544.4,15.0,15.0,0.0,15.0,0.0,15.0,6.0,6.0,0.0,6.0,0.0,6.0,148.0,148.0,0.0,148.0,0.0,148.0,2.02,2.02,0.0,2.02,0.0,2.02,2.0,2.0,0.0,2.0,0.0,2.0,3.0,3.0,0.0,3.0,0.0,3.0,10.0,10.0,0.0,10.0,0.0,10.0,14.0,14.0,0.0,14.0,0.0,14.0,29.0,29.0,0.0,29.0,0.0,29.0,0.0,0.0,0.0,0.0,0.0,0.0,3.0,3.0,0.0,3.0,0.0,3.0,0.0,0.0,0.0,0.0,0.0,0.0,0.0,0.0,0.0,0.0,0.0,0.0,3.0,3.0,0.0,3.0,0.0,3.0,32.95,32.95,0.0,32.95,0.0,32.95,0.0,0.0,0.0,0.0,0.0,0.0,0.0,0.0,0.0,0.0,0.0,0.0,12.0,12.0,0.0,12.0,0.0,12.0,9.485055058267159,36.5859888747896,0.46895779522383424,166,trigonal,3,True,12
Cd,mp-94,dopant,48.0,48.0,0.0,48.0,0.0,48.0,70.0,70.0,0.0,70.0,0.0,70.0,112.411,112.411,0.0,112.411,0.0,112.411,594.22,594.22,0.0,594.22,0.0,594.22,12.0,12.0,0.0,12.0,0.0,12.0,5.0,5.0,0.0,5.0,0.0,5.0,144.0,144.0,0.0,144.0,0.0,144.0,1.69,1.69,0.0,1.69,0.0,1.69,2.0,2.0,0.0,2.0,0.0,2.0,0.0,0.0,0.0,0.0,0.0,0.0,10.0,10.0,0.0,10.0,0.0,10.0,0.0,0.0,0.0,0.0,0.0,0.0,12.0,12.0,0.0,12.0,0.0,12.0,0.0,0.0,0.0,0.0,0.0,0.0,0.0,0.0,0.0,0.0,0.0,0.0,0.0,0.0,0.0,0.0,0.0,0.0,0.0,0.0,0.0,0.0,0.0,0.0,0.0,0.0,0.0,0.0,0.0,0.0,19.495,19.495,0.0,19.495,0.0,19.495,0.0,0.0,0.0,0.0,0.0,0.0,0.0,0.0,0.0,0.0,0.0,0.0,194.0,194.0,0.0,194.0,0.0,194.0,8.367710226038955,22.307519289506654,0.6992499220290441,194,hexagonal,2,True,24
Cu,mp-30,dopant,29.0,29.0,0.0,29.0,0.0,29.0,64.0,64.0,0.0,64.0,0.0,64.0,63.546,63.546,0.0,63.546,0.0,63.546,1357.77,1357.77,0.0,1357.77,0.0,1357.77,11.0,11.0,0.0,11.0,0.0,11.0,4.0,4.0,0.0,4.0,0.0,4.0,132.0,132.0,0.0,132.0,0.0,132.0,1.9,1.9,0.0,1.9,0.0,1.9,1.0,1.0,0.0,1.0,0.0,1.0,0.0,0.0,0.0,0.0,0.0,0.0,10.0,10.0,0.0,10.0,0.0,10.0,0.0,0.0,0.0,0.0,0.0,0.0,11.0,11.0,0.0,11.0,0.0,11.0,1.0,1.0,0.0,1.0,0.0,1.0,0.0,0.0,0.0,0.0,0.0,0.0,0.0,0.0,0.0,0.0,0.0,0.0,0.0,0.0,0.0,0.0,0.0,0.0,1.0,1.0,0.0,1.0,0.0,1.0,11.07,11.07,0.0,11.07,0.0,11.07,0.0,0.0,0.0,0.0,0.0,0.0,0.0,0.0,0.0,0.0,0.0,0.0,225.0,225.0,0.0,225.0,0.0,225.0,9.218996060025667,11.445998564977856,0.9004015369733935,225,cubic,1,True,48
Ga,mp-142,dopant,31.0,31.0,0.0,31.0,0.0,31.0,74.0,74.0,0.0,74.0,0.0,74.0,69.723,69.723,0.0,69.723,0.0,69.723,302.91,302.91,0.0,302.91,0.0,302.91,13.0,13.0,0.0,13.0,0.0,13.0,4.0,4.0,0.0,4.0,0.0,4.0,122.0,122.0,0.0,122.0,0.0,122.0,1.81,1.81,0.0,1.81,0.0,1.81,2.0,2.0,0.0,2.0,0.0,2.0,1.0,1.0,0.0,1.0,0.0,1.0,10.0,10.0,0.0,10.0,0.0,10.0,0.0,0.0,0.0,0.0,0.0,0.0,13.0,13.0,0.0,13.0,0.0,13.0,0.0,0.0,0.0,0.0,0.0,0.0,5.0,5.0,0.0,5.0,0.0,5.0,0.0,0.0,0.0,0.0,0.0,0.0,0.0,0.0,0.0,0.0,0.0,0.0,5.0,5.0,0.0,5.0,0.0,5.0,18.8575,18.8575,0.0,18.8575,0.0,18.8575,0.0,0.0,0.0,0.0,0.0,0.0,0.0,0.0,0.0,0.0,0.0,0.0,64.0,64.0,0.0,64.0,0.0,64.0,6.037763290229381,19.175605259263254,0.4799208137365089,64,orthorhombic,5,True,8
Ge,mp-32,dopant,32.0,32.0,0.0,32.0,0.0,32.0,79.0,79.0,0.0,79.0,0.0,79.0,72.64,72.64,0.0,72.64,0.0,72.64,1211.4,1211.4,0.0,1211.4,0.0,1211.4,14.0,14.0,0.0,14.0,0.0,14.0,4.0,4.0,0.0,4.0,0.0,4.0,120.0,120.0,0.0,120.0,0.0,120.0,2.01,2.01,0.0,2.01,0.0,2.01,2.0,2.0,0.0,2.0,0.0,2.0,2.0,2.0,0.0,2.0,0.0,2.0,10.0,10.0,0.0,10.0,0.0,10.0,0.0,0.0,0.0,0.0,0.0,0.0,14.0,14.0,0.0,14.0,0.0,14.0,0.0,0.0,0.0,0.0,0.0,0.0,4.0,4.0,0.0,4.0,0.0,4.0,0.0,0.0,0.0,0.0,0.0,0.0,0.0,0.0,0.0,0.0,0.0,0.0,4.0,4.0,0.0,4.0,0.0,4.0,23.005,23.005,0.0,23.005,0.0,23.005,0.383,0.383,0.0,0.383,0.0,0.383,0.0,0.0,0.0,0.0,0.0,0.0,225.0,225.0,0.0,225.0,0.0,225.0,5.280205111627243,22.84410461645416,0.3581331378963586,227,cubic,1,True,48
Hg,mp-10861,dopant,80.0,80.0,0.0,80.0,0.0,80.0,71.0,71.0,0.0,71.0,0.0,71.0,200.59,200.59,0.0,200.59,0.0,200.59,234.32,234.32,0.0,234.32000000000002,2.842170943040401e-14,234.32,12.0,12.0,0.0,12.0,0.0,12.0,6.0,6.0,0.0,6.0,0.0,6.0,132.0,132.0,0.0,132.0,0.0,132.0,2.0,2.0,0.0,2.0,0.0,2.0,2.0,2.0,0.0,2.0,0.0,2.0,0.0,0.0,0.0,0.0,0.0,0.0,10.0,10.0,0.0,10.0,0.0,10.0,14.0,14.0,0.0,14.0,0.0,14.0,26.0,26.0,0.0,26.0,0.0,26.0,0.0,0.0,0.0,0.0,0.0,0.0,0.0,0.0,0.0,0.0,0.0,0.0,0.0,0.0,0.0,0.0,0.0,0.0,0.0,0.0,0.0,0.0,0.0,0.0,0.0,0.0,0.0,0.0,0.0,0.0,25.2375862069,25.2375862069,0.0,25.2375862069,0.0,25.2375862069,0.0,0.0,0.0,0.0,0.0,0.0,0.0,0.0,0.0,0.0,0.0,0.0,166.0,166.0,0.0,166.0,0.0,166.0,12.121600992390167,27.478839803733194,0.5144746664025253,191,hexagonal,2,True,24
In,mp-85,dopant,49.0,49.0,0.0,49.0,0.0,49.0,75.0,75.0,0.0,75.0,0.0,75.0,114.818,114.818,0.0,114.818,0.0,114.818,429.75,429.75,0.0,429.75,0.0,429.75,13.0,13.0,0.0,13.0,0.0,13.0,5.0,5.0,0.0,5.0,0.0,5.0,142.0,142.0,0.0,142.0,0.0,142.0,1.78,1.78,0.0,1.78,0.0,1.78,2.0,2.0,0.0,2.0,0.0,2.0,1.0,1.0,0.0,1.0,0.0,1.0,10.0,10.0,0.0,10.0,0.0,10.0,0.0,0.0,0.0,0.0,0.0,0.0,13.0,13.0,0.0,13.0,0.0,13.0,0.0,0.0,0.0,0.0,0.0,0.0,5.0,5.0,0.0,5.0,0.0,5.0,0.0,0.0,0.0,0.0,0.0,0.0,0.0,0.0,0.0,0.0,0.0,0.0,5.0,5.0,0.0,5.0,0.0,5.0,24.26,24.26,0.0,24.26,0.0,24.26,0.0,0.0,0.0,0.0,0.0,0.0,0.0,0.0,0.0,0.0,0.0,0.0,139.0,139.0,0.0,139.0,0.0,139.0,7.224009411826607,26.392514730548744,0.5910210255862423,139,tetragonal,4,True,16
Mg,mp-153,dopant,12.0,12.0,0.0,12.0,0.0,12.0,68.0,68.0,0.0,68.0,0.0,68.0,24.305,24.305,0.0,24.305,0.0,24.305,923.0,923.0,0.0,923.0,0.0,923.0,2.0,2.0,0.0,2.0,0.0,2.0,3.0,3.0,0.0,3.0,0.0,3.0,141.0,141.0,0.0,141.0,0.0,141.0,1.31,1.31,0.0,1.31,0.0,1.31,2.0,2.0,0.0,2.0,0.0,2.0,0.0,0.0,0.0,0.0,0.0,0.0,0.0,0.0,0.0,0.0,0.0,0.0,0.0,0.0,0.0,0.0,0.0,0.0,2.0,2.0,0.0,2.0,0.0,2.0,0.0,0.0,0.0,0.0,0.0,0.0,0.0,0.0,0.0,0.0,0.0,0.0,0.0,0.0,0.0,0.0,0.0,0.0,0.0,0.0,0.0,0.0,0.0,0.0,0.0,0.0,0.0,0.0,0.0,0.0,22.89,22.89,0.0,22.89,0.0,22.89,0.0,0.0,0.0,0.0,0.0,0.0,0.0,0.0,0.0,0.0,0.0,0.0,194.0,194.0,0.0,194.0,0.0,194.0,1.8017993871104938,22.399498167675635,0.6311376636801262,194,hexagonal,2,True,24
Na,mp-127,dopant,11.0,11.0,0.0,11.0,0.0,11.0,2.0,2.0,0.0,2.0,0.0,2.0,22.98976928,22.98976928,0.0,22.98976928,0.0,22.98976928,370.87,370.87,0.0,370.87,0.0,370.87,1.0,1.0,0.0,1.0,0.0,1.0,3.0,3.0,0.0,3.0,0.0,3.0,166.0,166.0,0.0,166.0,0.0,166.0,0.93,0.93,0.0,0.93,0.0,0.93,1.0,1.0,0.0,1.0,0.0,1.0,0.0,0.0,0.0,0.0,0.0,0.0,0.0,0.0,0.0,0.0,0.0,0.0,0.0,0.0,0.0,0.0,0.0,0.0,1.0,1.0,0.0,1.0,0.0,1.0,1.0,1.0,0.0,1.0,0.0,1.0,0.0,0.0,0.0,0.0,0.0,0.0,0.0,0.0,0.0,0.0,0.0,0.0,0.0,0.0,0.0,0.0,0.0,0.0,1.0,1.0,0.0,1.0,0.0,1.0,29.2433333333,29.2433333333,0.0,29.2433333333,0.0,29.2433333333,0.0,0.0,0.0,0.0,0.0,0.0,0.0,0.0,0.0,0.0,0.0,0.0,229.0,229.0,0.0,229.0,0.0,229.0,1.0246367263907339,37.25750706727941,0.6556805969385023,229,cubic,1,True,48
Pb,mp-20483,dopant,82.0,82.0,0.0,82.0,0.0,82.0,81.0,81.0,0.0,81.0,0.0,81.0,207.2,207.2,0.0,207.2,0.0,207.2,600.61,600.61,0.0,600.61,0.0,600.61,14.0,14.0,0.0,14.0,0.0,14.0,6.0,6.0,0.0,6.0,0.0,6.0,146.0,146.0,0.0,146.0,0.0,146.0,2.33,2.33,0.0,2.33,0.0,2.33,2.0,2.0,0.0,2.0,0.0,2.0,2.0,2.0,0.0,2.0,0.0,2.0,10.0,10.0,0.0,10.0,0.0,10.0,14.0,14.0,0.0,14.0,0.0,14.0,28.0,28.0,0.0,28.0,0.0,28.0,0.0,0.0,0.0,0.0,0.0,0.0,4.0,4.0,0.0,4.0,0.0,4.0,0.0,0.0,0.0,0.0,0.0,0.0,0.0,0.0,0.0,0.0,0.0,0.0,4.0,4.0,0.0,4.0,0.0,4.0,28.11,28.11,0.0,28.11,0.0,28.11,0.0,0.0,0.0,0.0,0.0,0.0,0.0,0.0,0.0,0.0,0.0,0.0,225.0,225.0,0.0,225.0,0.0,225.0,11.079630631735755,31.053715283135055,0.7866699443715638,225,cubic,1,True,48
Pd,mp-2,dopant,46.0,46.0,0.0,46.0,0.0,46.0,62.0,62.0,0.0,62.0,0.0,62.0,106.42,106.42,0.0,106.42,0.0,106.42,1828.05,1828.05,0.0,1828.05,0.0,1828.05,10.0,10.0,0.0,10.0,0.0,10.0,5.0,5.0,0.0,5.0,0.0,5.0,139.0,139.0,0.0,139.0,0.0,139.0,2.2,2.2,0.0,2.2,0.0,2.2,0.0,0.0,0.0,0.0,0.0,0.0,0.0,0.0,0.0,0.0,0.0,0.0,10.0,10.0,0.0,10.0,0.0,10.0,0.0,0.0,0.0,0.0,0.0,0.0,10.0,10.0,0.0,10.0,0.0,10.0,0.0,0.0,0.0,0.0,0.0,0.0,0.0,0.0,0.0,0.0,0.0,0.0,0.0,0.0,0.0,0.0,0.0,0.0,0.0,0.0,0.0,0.0,0.0,0.0,0.0,0.0,0.0,0.0,0.0,0.0,14.41,14.41,0.0,14.41,0.0,14.41,0.0,0.0,0.0,0.0,0.0,0.0,0.0,0.0,0.0,0.0,0.0,0.0,225.0,225.0,0.0,225.0,0.0,225.0,11.759025238417777,15.02799459406926,0.7648419255134635,225,cubic,1,True,48
Pt,mp-126,dopant,78.0,78.0,0.0,78.0,0.0,78.0,63.0,63.0,0.0,63.0,0.0,63.0,195.084,195.084,0.0,195.084,0.0,195.084,2041.4,2041.4,0.0,2041.4,0.0,2041.4,10.0,10.0,0.0,10.0,0.0,10.0,6.0,6.0,0.0,6.0,0.0,6.0,136.0,136.0,0.0,136.0,0.0,136.0,2.28,2.28,0.0,2.28,0.0,2.28,1.0,1.0,0.0,1.0,0.0,1.0,0.0,0.0,0.0,0.0,0.0,0.0,9.0,9.0,0.0,9.0,0.0,9.0,14.0,14.0,0.0,14.0,0.0,14.0,24.0,24.0,0.0,24.0,0.0,24.0,1.0,1.0,0.0,1.0,0.0,1.0,0.0,0.0,0.0,0.0,0.0,0.0,1.0,1.0,0.0,1.0,0.0,1.0,0.0,0.0,0.0,0.0,0.0,0.0,2.0,2.0,0.0,2.0,0.0,2.0,15.02,15.02,0.0,15.02,0.0,15.02,0.0,0.0,0.0,0.0,0.0,0.0,0.0,0.0,0.0,0.0,0.0,0.0,225.0,225.0,0.0,225.0,0.0,225.0,21.134925773252462,15.327454053856243,0.6723879036850499,225,cubic,1,True,48
Rh,mp-74,dopant,45.0,45.0,0.0,45.0,0.0,45.0,59.0,59.0,0.0,59.0,0.0,59.0,102.9055,102.9055,0.0,102.9055,0.0,102.9055,2237.0,2237.0,0.0,2237.0,0.0,2237.0,9.0,9.0,0.0,9.0,0.0,9.0,5.0,5.0,0.0,5.0,0.0,5.0,142.0,142.0,0.0,142.0,0.0,142.0,2.28,2.28,0.0,2.28,0.0,2.28,1.0,1.0,0.0,1.0,0.0,1.0,0.0,0.0,0.0,0.0,0.0,0.0,8.0,8.0,0.0,8.0,0.0,8.0,0.0,0.0,0.0,0.0,0.0,0.0,9.0,9.0,0.0,9.0,0.0,9.0,1.0,1.0,0.0,1.0,0.0,1.0,0.0,0.0,0.0,0.0,0.0,0.0,2.0,2.0,0.0,2.0,0.0,2.0,0.0,0.0,0.0,0.0,0.0,0.0,3.0,3.0,0.0,3.0,0.0,3.0,13.64,13.64,0.0,13.64,0.0,13.64,0.0,0.0,0.0,0.0,0.0,0.0,0.0,0.0,0.0,0.0,0.0,0.0,225.0,225.0,0.0,225.0,0.0,225.0,12.397977691611958,13.782780337825384,0.7477442466247253,225,cubic,1,True,48
Sb,mp-104,dopant,51.0,51.0,0.0,51.0,0.0,51.0,85.0,85.0,0.0,85.0,0.0,85.0,121.76,121.76,0.0,121.76,0.0,121.76,903.78,903.78,0.0,903.78,0.0,903.78,15.0,15.0,0.0,15.0,0.0,15.0,5.0,5.0,0.0,5.0,0.0,5.0,139.0,139.0,0.0,139.0,0.0,139.0,2.05,2.05,0.0,2.05,0.0,2.05,2.0,2.0,0.0,2.0,0.0,2.0,3.0,3.0,0.0,3.0,0.0,3.0,10.0,10.0,0.0,10.0,0.0,10.0,0.0,0.0,0.0,0.0,0.0,0.0,15.0,15.0,0.0,15.0,0.0,15.0,0.0,0.0,0.0,0.0,0.0,0.0,3.0,3.0,0.0,3.0,0.0,3.0,0.0,0.0,0.0,0.0,0.0,0.0,0.0,0.0,0.0,0.0,0.0,0.0,3.0,3.0,0.0,3.0,0.0,3.0,31.56,31.56,0.0,31.56,0.0,31.56,0.0,0.0,0.0,0.0,0.0,0.0,0.0,0.0,0.0,0.0,0.0,0.0,166.0,166.0,0.0,166.0,0.0,166.0,6.4307883725126525,31.440505474556627,0.40616556080503013,166,trigonal,3,True,12
Sn,mp-117,dopant,50.0,50.0,0.0,50.0,0.0,50.0,80.0,80.0,0.0,80.0,0.0,80.0,118.71,118.71,0.0,118.71,0.0,118.71,505.08,505.08,0.0,505.08,0.0,505.08,14.0,14.0,0.0,14.0,0.0,14.0,5.0,5.0,0.0,5.0,0.0,5.0,139.0,139.0,0.0,139.0,0.0,139.0,1.96,1.96,0.0,1.96,0.0,1.96,2.0,2.0,0.0,2.0,0.0,2.0,2.0,2.0,0.0,2.0,0.0,2.0,10.0,10.0,0.0,10.0,0.0,10.0,0.0,0.0,0.0,0.0,0.0,0.0,14.0,14.0,0.0,14.0,0.0,14.0,0.0,0.0,0.0,0.0,0.0,0.0,4.0,4.0,0.0,4.0,0.0,4.0,0.0,0.0,0.0,0.0,0.0,0.0,0.0,0.0,0.0,0.0,0.0,0.0,4.0,4.0,0.0,4.0,0.0,4.0,33.285,33.285,0.0,33.285,0.0,33.285,0.0,0.0,0.0,0.0,0.0,0.0,0.0,0.0,0.0,0.0,0.0,0.0,141.0,141.0,0.0,141.0,0.0,141.0,5.560776479834602,35.44875317077235,0.3602397657414894,227,cubic,1,True,48
Tl,mp-39,dopant,81.0,81.0,0.0,81.0,0.0,81.0,76.0,76.0,0.0,76.0,0.0,76.0,204.3833,204.3833,0.0,204.3833,0.0,204.3833,577.0,577.0,0.0,577.0,0.0,577.0,13.0,13.0,0.0,13.0,0.0,13.0,6.0,6.0,0.0,6.0,0.0,6.0,145.0,145.0,0.0,145.0,0.0,145.0,1.62,1.62,0.0,1.62,0.0,1.62,2.0,2.0,0.0,2.0,0.0,2.0,1.0,1.0,0.0,1.0,0.0,1.0,10.0,10.0,0.0,10.0,0.0,10.0,14.0,14.0,0.0,14.0,0.0,14.0,27.0,27.0,0.0,27.0,0.0,27.0,0.0,0.0,0.0,0.0,0.0,0.0,5.0,5.0,0.0,5.0,0.0,5.0,0.0,0.0,0.0,0.0,0.0,0.0,0.0,0.0,0.0,0.0,0.0,0.0,5.0,5.0,0.0,5.0,0.0,5.0,26.91,26.91,0.0,26.91,0.0,26.91,0.0,0.0,0.0,0.0,0.0,0.0,0.0,0.0,0.0,0.0,0.0,0.0,194.0,194.0,0.0,194.0,0.0,194.0,11.33786227920608,29.93390167626574,0.9598117988544833,229,cubic,1,True,48
Zn,mp-79,dopant,30.0,30.0,0.0,30.0,0.0,30.0,69.0,69.0,0.0,69.0,0.0,69.0,65.38,65.38,0.0,65.38,0.0,65.38,692.68,692.68,0.0,692.68,0.0,692.68,12.0,12.0,0.0,12.0,0.0,12.0,4.0,4.0,0.0,4.0,0.0,4.0,122.0,122.0,0.0,122.0,0.0,122.0,1.65,1.65,0.0,1.65,0.0,1.65,2.0,2.0,0.0,2.0,0.0,2.0,0.0,0.0,0.0,0.0,0.0,0.0,10.0,10.0,0.0,10.0,0.0,10.0,0.0,0.0,0.0,0.0,0.0,0.0,12.0,12.0,0.0,12.0,0.0,12.0,0.0,0.0,0.0,0.0,0.0,0.0,0.0,0.0,0.0,0.0,0.0,0.0,0.0,0.0,0.0,0.0,0.0,0.0,0.0,0.0,0.0,0.0,0.0,0.0,0.0,0.0,0.0,0.0,0.0,0.0,13.96,13.96,0.0,13.96,0.0,13.96,0.0,0.0,0.0,0.0,0.0,0.0,0.0,0.0,0.0,0.0,0.0,0.0,194.0,194.0,0.0,194.0,0.0,194.0,7.530857330656824,14.422554456959176,0.7145748508599644,194,hexagonal,2,True,24
