element,Z,r_atomic_pm,crystal,valency,chi,"Rule 1, logic","Rule 1, difference, pm","Rule 1, difference, %","Rule 2, logic","Rule 3, logic","Rule 3, valency difference, unit","Rule 3, valency of dopant is higher, logic","Rule 4, logic","Rule 4, difference, Pauling scale","Rule 4, %"
H,1,25,molecular,1,2.2,False,127,83.55263157894737,False,True,0,False,False,1.2200000000000002,55.45454545454545
Li,3,152,bcc,1,0.98,True,0,0.0,True,True,0,False,True,0.0,0.0
Be,4,112,hcp,2,1.57,False,40,26.31578947368421,False,False,1,True,False,0.5900000000000001,37.57961783439491
B,5,85,beta_rhombohedral,3,2.04,False,67,44.07894736842105,False,False,2,True,False,1.06,51.9607843137255
Na,11,186,bcc,1,0.93,True,-34,-18.27956989247312,True,True,0,False,True,0.04999999999999993,5.102040816326523
Mg,12,160,hcp,2,1.31,True,-8,-5.0,False,False,1,True,True,0.33000000000000007,25.190839694656493
Al,13,143,fcc,3,1.61,True,9,5.921052631578947,False,False,2,True,False,0.6300000000000001,39.1304347826087
Si,14,111,diamond,4,1.9,False,41,26.973684210526315,False,False,3,True,False,0.9199999999999999,48.421052631578945
K,19,227,bcc,1,0.82,True,-75,-33.03964757709251,True,True,0,False,True,0.16000000000000003,16.326530612244902
Ca,20,197,fcc,2,1.0,True,-45,-22.84263959390863,False,False,1,True,True,0.020000000000000018,2.0000000000000018
Sc,21,162,hcp,3,1.36,True,-10,-6.172839506172839,False,False,2,True,True,0.3800000000000001,27.941176470588243
Ti,22,147,hcp,4,1.54,True,5,3.289473684210526,False,False,3,True,False,0.56,36.36363636363637
V,23,134,bcc,5,1.63,True,18,11.842105263157894,True,False,4,True,False,0.6499999999999999,39.87730061349693
Cr,24,128,bcc,3,1.66,False,24,15.789473684210526,True,False,2,True,False,0.6799999999999999,40.963855421686745
Mn,25,127,complex,2,1.55,False,25,16.447368421052634,False,False,1,True,False,0.5700000000000001,36.7741935483871
Fe,26,126,bcc,2,1.83,False,26,17.105263157894736,True,False,1,True,False,0.8500000000000001,46.44808743169399
Co,27,125,hcp,2,1.88,False,27,17.763157894736842,False,False,1,True,False,0.8999999999999999,47.87234042553191
Ni,28,124,fcc,2,1.91,False,28,18.421052631578945,False,False,1,True,False,0.9299999999999999,48.69109947643979
Cu,29,128,fcc,1,1.9,False,24,15.789473684210526,False,True,0,False,False,0.9199999999999999,48.421052631578945
Zn,30,134,hcp,2,1.65,True,18,11.842105263157894,False,False,1,True,False,0.6699999999999999,40.60606060606061
Ga,31,135,ortho,3,1.81,True,17,11.18421052631579,False,False,2,True,False,0.8300000000000001,45.85635359116023
Ge,32,122,diamond,4,2.01,False,30,19.736842105263158,False,False,3,True,False,1.0299999999999998,51.243781094527364
As,33,119,rhombo,5,2.18,False,33,21.710526315789476,False,False,4,True,False,1.2000000000000002,55.04587155963303
Rb,37,248,bcc,1,0.82,True,-96,-38.70967741935484,True,True,0,False,True,0.16000000000000003,16.326530612244902
Sr,38,215,fcc,2,0.95,True,-63,-29.30232558139535,False,False,1,True,True,0.030000000000000027,3.061224489795921
Y,39,180,hcp,3,1.22,True,-28,-15.555555555555555,False,False,2,True,True,0.24,19.672131147540984
Zr,40,160,hcp,4,1.33,True,-8,-5.0,False,False,3,True,True,0.3500000000000001,26.315789473684216
Nb,41,146,bcc,5,1.6,True,6,3.9473684210526314,True,False,4,True,False,0.6200000000000001,38.75000000000001
Mo,42,139,bcc,6,2.16,True,13,8.552631578947368,True,False,5,True,False,1.1800000000000002,54.629629629629626
Tc,43,136,hcp,7,1.9,True,16,10.526315789473683,False,False,6,True,False,0.9199999999999999,48.421052631578945
Ru,44,134,hcp,3,2.2,True,18,11.842105263157894,False,False,2,True,False,1.2200000000000002,55.45454545454545
Rh,45,134,fcc,3,2.28,True,18,11.842105263157894,False,False,2,True,False,1.2999999999999998,57.01754385964912
Pd,46,137,fcc,2,2.2,True,15,9.868421052631579,False,False,1,True,False,1.2200000000000002,55.45454545454545
Ag,47,144,fcc,1,1.93,True,8,5.263157894736842,False,True,0,False,False,0.95,49.22279792746114
Cd,48,151,hcp,2,1.69,True,1,0.6578947368421052,False,False,1,True,False,0.71,42.01183431952663
In,49,167,tetra,3,1.78,True,-15,-8.982035928143713,False,False,2,True,False,0.8,44.943820224719104
Sn,50,140,tetra,4,1.96,True,12,7.894736842105263,False,False,3,True,False,0.98,50.0
Sb,51,140,rhombo,5,2.05,True,12,7.894736842105263,False,False,4,True,False,1.0699999999999998,52.19512195121951
Cs,55,265,bcc,1,0.79,True,-113,-42.64150943396226,True,True,0,False,True,0.18999999999999995,19.38775510204081
Ba,56,222,bcc,2,0.89,True,-70,-31.53153153153153,True,False,1,True,True,0.08999999999999997,9.18367346938775
La,57,187,dhcp,3,1.1,True,-7,-4.40251572327044,False,False,3,True,True,0.32000000000000006,24.61538461538462
Ce,58,182,fcc,3,1.12,True,6,3.9473684210526314,True,False,4,True,False,0.52,34.66666666666667
Pr,59,182,hcp,3,1.13,True,13,8.552631578947368,True,False,5,True,False,1.38,58.47457627118644
Nd,60,181,hcp,3,1.14,True,15,9.868421052631579,False,False,6,True,False,0.9199999999999999,48.421052631578945
Sm,62,180,rhombo,3,1.17,True,17,11.18421052631579,False,False,3,True,False,1.2200000000000002,55.45454545454545
Eu,63,208,bcc,2,0.63,True,16,10.526315789473683,False,False,2,True,False,1.2200000000000002,55.45454545454545
Gd,64,180,hcp,3,1.2,True,13,8.552631578947368,False,False,1,True,False,1.2999999999999998,57.01754385964912
Tb,65,177,hcp,3,1.22,True,8,5.263157894736842,False,True,0,False,False,1.56,61.417322834645674
Dy,66,178,hcp,3,1.22,True,1,0.6578947368421052,False,False,1,True,False,1.02,51.0
Ho,67,176,hcp,3,1.23,True,-3,-1.935483870967742,False,False,4,True,False,1.04,51.48514851485149
Er,68,176,hcp,3,1.24,True,-35,-18.71657754010695,False,False,2,True,True,0.1200000000000001,10.909090909090919
Tm,69,176,hcp,3,1.25,True,-30,-16.483516483516482,False,False,2,True,True,0.14000000000000012,12.50000000000001
Yb,70,194,fcc,2,1.1,True,-30,-16.483516483516482,False,False,2,True,True,0.1499999999999999,13.274336283185834
Lu,71,174,hcp,3,1.27,True,-29,-16.022099447513813,False,False,2,True,True,0.15999999999999992,14.03508771929824
Hf,72,159,hcp,4,1.3,True,-28,-15.555555555555555,False,False,2,True,True,0.18999999999999995,16.23931623931624
Ta,73,146,bcc,5,1.5,True,-56,-26.923076923076923,True,False,1,True,True,0.35,35.714285714285715
W,74,139,bcc,6,2.36,True,-28,-15.555555555555555,False,False,2,True,True,0.21999999999999997,18.333333333333332
Re,75,137,hcp,7,1.9,True,-25,-14.124293785310735,False,False,2,True,True,0.24,19.672131147540984
Os,76,135,hcp,4,2.2,True,-26,-14.606741573033707,False,False,2,True,True,0.24,19.672131147540984
Ir,77,136,fcc,3,2.2,True,-24,-13.636363636363635,False,False,2,True,True,0.25,20.32520325203252
Pt,78,139,fcc,2,2.28,True,-24,-13.636363636363635,False,False,2,True,True,0.26,20.967741935483872
Au,79,144,fcc,1,2.54,True,-24,-13.636363636363635,False,False,2,True,True,0.27,21.6
Hg,80,151,rhombo,2,2.0,True,-42,-21.649484536082475,False,False,1,True,True,0.1200000000000001,10.909090909090919
Bi,83,155,rhombo,5,2.02,True,-22,-12.643678160919542,False,False,2,True,True,0.29000000000000004,22.83464566929134
